0_TECH_XOR_EXTERNAL,09_16_16_36_28.csv,20,20,20,0,100,100,
ES_a,5599066,18276093,5599066,18276093,5599066,18276093,5599066,18276093,5599066,18276093,5599066,18276093,5599066,18276093,5599066,18276093,6703823,3968451,6703823,3968451,6703823,3968451,6703823,3968451,6703823,3968451,6703823,3968451,6703823,3968451,6703823,3968451,0,0,0,0,0,0,0,0,0,0,0,0,0,0,0,0,0,0,0,0,0,0,0,0,0,0,0,0,0,0,0,0,0,0,0,0,0,0,0,0,0,0,0,0,0,0,0,0,0,0,0,0,0,0,0,0,0,0,0,0,0,0,0,0,0,0,0,0,0,0,0,0,0,0,0,0,0,0,0,0,0,0,0,0,0,0,0,0,0,0,0,0,0,0,0,0,5599066,18276093,5599066,18276093,5599066,18276093,5599066,18276093,5599066,18276093,5599066,18276093,5599066,18276093,5599066,18276093,6703823,3968451,6703823,3968451,6703823,3968451,6703823,3968451,6703823,3968451,6703823,3968451,6703823,3968451,6703823,3968451,0,0,0,0,0,0,0,0,0,0,0,0,0,0,0,0,0,0,0,0,0,0,0,0,0,0,0,0,0,0,0,0,0,0,0,0,0,0,0,0,0,0,0,0,0,0,0,0,0,0,0,0,0,0,0,0,0,0,0,0,0,0,0,0,0,0,0,0,0,0,0,0,0,0,0,0,0,0,0,0,0,0,0,0,0,0,0,0,0,0,0,0,0,0,0,0,
ES_b,0,0,0,0,0,0,0,0,0,0,0,0,0,0,0,0,0,0,0,0,0,0,0,0,0,0,0,0,0,0,0,0,0,0,0,0,0,0,0,0,0,0,0,0,0,0,0,0,0,0,0,0,0,0,0,0,0,0,0,0,0,0,0,0,0,0,0,0,0,0,0,0,0,0,0,0,0,0,0,0,0,0,0,0,0,0,0,0,0,0,0,0,0,0,0,0,0,0,0,0,0,0,0,0,0,0,0,0,0,0,0,0,0,0,0,0,0,0,0,0,0,0,0,0,0,0,0,0,0,0,0,0,0,0,0,0,0,0,0,0,0,0,0,0,0,0,0,0,0,0,0,0,0,0,0,0,0,0,0,0,0,0,0,0,0,0,0,0,0,0,0,0,0,0,0,0,0,0,0,0,0,0,0,0,0,0,0,0,0,0,0,0,0,0,0,0,0,0,0,0,0,0,0,0,0,0,0,0,0,0,0,0,0,0,0,0,0,0,0,0,0,0,0,0,0,0,0,0,0,0,0,0,0,0,0,0,0,0,0,0,0,0,0,0,0,0,0,0,0,0,0,0,0,0,0,0,
ES_c,0,0,0,0,0,0,0,0,0,0,0,0,0,0,0,0,0,0,0,0,0,0,0,0,0,0,0,0,0,0,0,0,0,0,0,0,0,0,0,0,0,0,0,0,0,0,0,0,0,0,0,0,0,0,0,0,0,0,0,0,0,0,0,0,0,0,0,0,0,0,0,0,0,0,0,0,0,0,0,0,0,0,0,0,0,0,0,0,0,0,0,0,0,0,0,0,0,0,0,0,0,0,0,0,0,0,0,0,0,0,0,0,0,0,0,0,0,0,0,0,0,0,0,0,0,0,0,0,0,0,0,0,0,0,0,0,0,0,0,0,0,0,0,0,0,0,0,0,0,0,0,0,0,0,0,0,0,0,0,0,0,0,0,0,0,0,0,0,0,0,0,0,0,0,0,0,0,0,0,0,0,0,0,0,0,0,0,0,0,0,0,0,0,0,0,0,0,0,0,0,0,0,0,0,0,0,0,0,0,0,0,0,0,0,0,0,0,0,0,0,0,0,0,0,0,0,0,0,0,0,0,0,0,0,0,0,0,0,0,0,0,0,0,0,0,0,0,0,0,0,0,0,0,0,0,0,
10_TECH_FLETCHER_INTERMEDIATE,09_16_16_39_05.csv,20,20,20,0,100,100,
ES_a,4587720,8978456,4587720,8978456,4587720,8978456,4587720,8978456,4587720,8978456,4587720,8978456,4587720,8978456,4587720,8978456,11468882,4128911,11468882,4128911,11468882,4128911,11468882,4128911,11468882,4128911,11468882,4128911,11468882,4128911,11468882,4128911,0,0,0,0,0,0,0,0,0,0,0,0,0,0,0,0,0,0,0,0,0,0,0,0,0,0,0,0,0,0,0,0,0,0,0,0,0,0,0,0,0,0,0,0,0,0,0,0,0,0,0,0,0,0,0,0,0,0,0,0,0,0,0,0,0,0,0,0,0,0,0,0,0,0,0,0,0,0,0,0,0,0,0,0,0,0,0,0,0,0,0,0,0,0,0,0,4587720,8978456,4587720,8978456,4587720,8978456,4587720,8978456,4587720,8978456,4587720,8978456,4587720,8978456,4587720,8978456,11468882,4128911,11468882,4128911,11468882,4128911,11468882,4128911,11468882,4128911,11468882,4128911,11468882,4128911,11468882,4128911,0,0,0,0,0,0,0,0,0,0,0,0,0,0,0,0,0,0,0,0,0,0,0,0,0,0,0,0,0,0,0,0,0,0,0,0,0,0,0,0,0,0,0,0,0,0,0,0,0,0,0,0,0,0,0,0,0,0,0,0,0,0,0,0,0,0,0,0,0,0,0,0,0,0,0,0,0,0,0,0,0,0,0,0,0,0,0,0,0,0,0,0,0,0,0,0,
ES_b,6225950,6225950,12321001,12321001,8716483,8716483,3211298,3211298,15597801,15597801,0,0,0,0,0,0,6225950,6225950,12321001,12321001,8716483,8716483,3211298,3211298,15597801,15597801,0,0,0,0,0,0,6225950,6225950,12321001,12321001,8716483,8716483,3211298,3211298,15597801,15597801,0,0,0,0,0,0,6225950,6225950,12321001,12321001,8716483,8716483,3211298,3211298,15597801,15597801,0,0,0,0,0,0,6225950,6225950,12321001,12321001,8716483,8716483,3211298,3211298,15597801,15597801,0,0,0,0,0,0,6225950,6225950,12321001,12321001,8716483,8716483,3211298,3211298,15597801,15597801,0,0,0,0,0,0,6225950,6225950,12321001,12321001,8716483,8716483,3211298,3211298,15597801,15597801,0,0,0,0,0,0,6225950,6225950,12321001,12321001,8716483,8716483,3211298,3211298,15597801,15597801,0,0,0,0,0,0,0,0,0,0,0,0,0,0,0,0,0,0,0,0,0,0,0,0,0,0,0,0,0,0,0,0,0,0,0,0,0,0,0,0,0,0,0,0,0,0,0,0,0,0,0,0,0,0,0,0,0,0,0,0,0,0,0,0,0,0,0,0,0,0,0,0,0,0,0,0,0,0,0,0,0,0,0,0,0,0,0,0,0,0,0,0,0,0,0,0,0,0,0,0,0,0,0,0,0,0,0,0,0,0,0,0,0,0,0,0,0,0,0,0,0,0,0,0,0,0,0,0,0,0,0,0,0,0,
ES_c,10027167,9699343,6815902,1441850,2162826,13238513,9961690,11403460,3211289,8257567,0,0,0,0,0,0,14483542,15073529,16449543,4522048,16646300,10092797,12517518,262251,14090365,5898330,0,0,0,0,0,0,0,0,0,0,0,0,0,0,0,0,0,0,0,0,0,0,0,0,0,0,0,0,0,0,0,0,0,0,0,0,0,0,0,0,0,0,0,0,0,0,0,0,0,0,0,0,0,0,0,0,0,0,0,0,0,0,0,0,0,0,0,0,0,0,0,0,0,0,0,0,0,0,0,0,0,0,0,0,0,0,0,0,0,0,0,0,0,0,0,0,0,0,0,0,0,0,0,0,0,0,0,0,0,0,0,0,0,0,0,0,0,0,0,0,0,0,0,0,0,0,0,0,0,0,0,0,0,0,0,0,0,0,0,0,0,0,0,0,0,0,0,0,0,0,0,0,0,0,0,0,0,0,0,0,0,0,0,0,0,0,0,0,0,0,0,0,0,0,0,0,0,0,0,0,0,0,0,0,0,0,0,0,0,0,0,0,0,0,0,0,0,0,0,0,0,0,0,0,0,0,0,0,0,0,0,0,0,0,0,0,0,0,0,0,0,0,0,0,0,0,0,0,0,0,
11_TECH_FLETCHER_INTERNAL,09_16_16_39_34.csv,20,20,20,0,100,100,
ES_a,6815947,16056357,6815947,16056357,6815947,16056357,6815947,16056357,6815947,16056357,6815947,16056357,6815947,16056357,6815947,16056357,12320818,12386339,12320818,12386339,12320818,12386339,12320818,12386339,12320818,12386339,12320818,12386339,12320818,12386339,12320818,12386339,0,0,0,0,0,0,0,0,0,0,0,0,0,0,0,0,0,0,0,0,0,0,0,0,0,0,0,0,0,0,0,0,0,0,0,0,0,0,0,0,0,0,0,0,0,0,0,0,0,0,0,0,0,0,0,0,0,0,0,0,0,0,0,0,0,0,0,0,0,0,0,0,0,0,0,0,0,0,0,0,0,0,0,0,0,0,0,0,0,0,0,0,0,0,0,0,6815947,16056357,6815947,16056357,6815947,16056357,6815947,16056357,6815947,16056357,6815947,16056357,6815947,16056357,6815947,16056357,12320818,12386339,12320818,12386339,12320818,12386339,12320818,12386339,12320818,12386339,12320818,12386339,12320818,12386339,12320818,12386339,0,0,0,0,0,0,0,0,0,0,0,0,0,0,0,0,0,0,0,0,0,0,0,0,0,0,0,0,0,0,0,0,0,0,0,0,0,0,0,0,0,0,0,0,0,0,0,0,0,0,0,0,0,0,0,0,0,0,0,0,0,0,0,0,0,0,0,0,0,0,0,0,0,0,0,0,0,0,0,0,0,0,0,0,0,0,0,0,0,0,0,0,0,0,0,0,
ES_b,4718830,4718830,3211343,3211343,6029342,6029342,4980753,4980753,3866703,3866703,0,0,0,0,0,0,4718830,4718830,3211343,3211343,6029342,6029342,4980753,4980753,3866703,3866703,0,0,0,0,0,0,4718830,4718830,3211343,3211343,6029342,6029342,4980753,4980753,3866703,3866703,0,0,0,0,0,0,4718830,4718830,3211343,3211343,6029342,6029342,4980753,4980753,3866703,3866703,0,0,0,0,0,0,4718830,4718830,3211343,3211343,6029342,6029342,4980753,4980753,3866703,3866703,0,0,0,0,0,0,4718830,4718830,3211343,3211343,6029342,6029342,4980753,4980753,3866703,3866703,0,0,0,0,0,0,4718830,4718830,3211343,3211343,6029342,6029342,4980753,4980753,3866703,3866703,0,0,0,0,0,0,4718830,4718830,3211343,3211343,6029342,6029342,4980753,4980753,3866703,3866703,0,0,0,0,0,0,0,0,0,0,0,0,0,0,0,0,0,0,0,0,0,0,0,0,0,0,0,0,0,0,0,0,0,0,0,0,0,0,0,0,0,0,0,0,0,0,0,0,0,0,0,0,0,0,0,0,0,0,0,0,0,0,0,0,0,0,0,0,0,0,0,0,0,0,0,0,0,0,0,0,0,0,0,0,0,0,0,0,0,0,0,0,0,0,0,0,0,0,0,0,0,0,0,0,0,0,0,0,0,0,0,0,0,0,0,0,0,0,0,0,0,0,0,0,0,0,0,0,0,0,0,0,0,0,
ES_c,7405569,14090269,8519684,14417994,15270129,4587733,3342546,14418095,655492,7995520,0,0,0,0,0,0,2490602,786438,3997899,5701741,3670235,3211371,4325506,14090297,917643,786615,0,0,0,0,0,0,0,0,0,0,0,0,0,0,0,0,0,0,0,0,0,0,0,0,0,0,0,0,0,0,0,0,0,0,0,0,0,0,0,0,0,0,0,0,0,0,0,0,0,0,0,0,0,0,0,0,0,0,0,0,0,0,0,0,0,0,0,0,0,0,0,0,0,0,0,0,0,0,0,0,0,0,0,0,0,0,0,0,0,0,0,0,0,0,0,0,0,0,0,0,0,0,0,0,0,0,0,0,0,0,0,0,0,0,0,0,0,0,0,0,0,0,0,0,0,0,0,0,0,0,0,0,0,0,0,0,0,0,0,0,0,0,0,0,0,0,0,0,0,0,0,0,0,0,0,0,0,0,0,0,0,0,0,0,0,0,0,0,0,0,0,0,0,0,0,0,0,0,0,0,0,0,0,0,0,0,0,0,0,0,0,0,0,0,0,0,0,0,0,0,0,0,0,0,0,0,0,0,0,0,0,0,0,0,0,0,0,0,0,0,0,0,0,0,0,0,0,0,0,0,
12_TECH_CRC_EXTERNAL,09_16_16_39_49.csv,20,20,20,0,100,100,
ES_a,1138520627,2322728516,1138520627,2322728516,1138520627,2322728516,1138520627,2322728516,1138520627,2322728516,1138520627,2322728516,1138520627,2322728516,1138520627,2322728516,728682294,329234297,728682294,329234297,728682294,329234297,728682294,329234297,728682294,329234297,728682294,329234297,728682294,329234297,728682294,329234297,0,0,0,0,0,0,0,0,0,0,0,0,0,0,0,0,0,0,0,0,0,0,0,0,0,0,0,0,0,0,0,0,0,0,0,0,0,0,0,0,0,0,0,0,0,0,0,0,0,0,0,0,0,0,0,0,0,0,0,0,0,0,0,0,0,0,0,0,0,0,0,0,0,0,0,0,0,0,0,0,0,0,0,0,0,0,0,0,0,0,0,0,0,0,0,0,1138520627,2322728516,1138520627,2322728516,1138520627,2322728516,1138520627,2322728516,1138520627,2322728516,1138520627,2322728516,1138520627,2322728516,1138520627,2322728516,728682294,329234297,728682294,329234297,728682294,329234297,728682294,329234297,728682294,329234297,728682294,329234297,728682294,329234297,728682294,329234297,0,0,0,0,0,0,0,0,0,0,0,0,0,0,0,0,0,0,0,0,0,0,0,0,0,0,0,0,0,0,0,0,0,0,0,0,0,0,0,0,0,0,0,0,0,0,0,0,0,0,0,0,0,0,0,0,0,0,0,0,0,0,0,0,0,0,0,0,0,0,0,0,0,0,0,0,0,0,0,0,0,0,0,0,0,0,0,0,0,0,0,0,0,0,0,0,
ES_b,0,0,0,0,0,0,0,0,0,0,0,0,0,0,0,0,0,0,0,0,0,0,0,0,0,0,0,0,0,0,0,0,0,0,0,0,0,0,0,0,0,0,0,0,0,0,0,0,0,0,0,0,0,0,0,0,0,0,0,0,0,0,0,0,0,0,0,0,0,0,0,0,0,0,0,0,0,0,0,0,0,0,0,0,0,0,0,0,0,0,0,0,0,0,0,0,0,0,0,0,0,0,0,0,0,0,0,0,0,0,0,0,0,0,0,0,0,0,0,0,0,0,0,0,0,0,0,0,0,0,0,0,0,0,0,0,0,0,0,0,0,0,0,0,0,0,0,0,0,0,0,0,0,0,0,0,0,0,0,0,0,0,0,0,0,0,0,0,0,0,0,0,0,0,0,0,0,0,0,0,0,0,0,0,0,0,0,0,0,0,0,0,0,0,0,0,0,0,0,0,0,0,0,0,0,0,0,0,0,0,0,0,0,0,0,0,0,0,0,0,0,0,0,0,0,0,0,0,0,0,0,0,0,0,0,0,0,0,0,0,0,0,0,0,0,0,0,0,0,0,0,0,0,0,0,0,
ES_c,0,0,0,0,0,0,0,0,0,0,0,0,0,0,0,0,0,0,0,0,0,0,0,0,0,0,0,0,0,0,0,0,0,0,0,0,0,0,0,0,0,0,0,0,0,0,0,0,0,0,0,0,0,0,0,0,0,0,0,0,0,0,0,0,0,0,0,0,0,0,0,0,0,0,0,0,0,0,0,0,0,0,0,0,0,0,0,0,0,0,0,0,0,0,0,0,0,0,0,0,0,0,0,0,0,0,0,0,0,0,0,0,0,0,0,0,0,0,0,0,0,0,0,0,0,0,0,0,0,0,0,0,0,0,0,0,0,0,0,0,0,0,0,0,0,0,0,0,0,0,0,0,0,0,0,0,0,0,0,0,0,0,0,0,0,0,0,0,0,0,0,0,0,0,0,0,0,0,0,0,0,0,0,0,0,0,0,0,0,0,0,0,0,0,0,0,0,0,0,0,0,0,0,0,0,0,0,0,0,0,0,0,0,0,0,0,0,0,0,0,0,0,0,0,0,0,0,0,0,0,0,0,0,0,0,0,0,0,0,0,0,0,0,0,0,0,0,0,0,0,0,0,0,0,0,0,
13_TECH_CRC_INTERMEDIATE,09_16_16_40_07.csv,20,20,20,0,100,100,
ES_a,3265283652,1079732702,3265283652,1079732702,3265283652,1079732702,3265283652,1079732702,3265283652,1079732702,3265283652,1079732702,3265283652,1079732702,3265283652,1079732702,3240645659,4219977075,3240645659,4219977075,3240645659,4219977075,3240645659,4219977075,3240645659,4219977075,3240645659,4219977075,3240645659,4219977075,3240645659,4219977075,0,0,0,0,0,0,0,0,0,0,0,0,0,0,0,0,0,0,0,0,0,0,0,0,0,0,0,0,0,0,0,0,0,0,0,0,0,0,0,0,0,0,0,0,0,0,0,0,0,0,0,0,0,0,0,0,0,0,0,0,0,0,0,0,0,0,0,0,0,0,0,0,0,0,0,0,0,0,0,0,0,0,0,0,0,0,0,0,0,0,0,0,0,0,0,0,3265283652,1079732702,3265283652,1079732702,3265283652,1079732702,3265283652,1079732702,3265283652,1079732702,3265283652,1079732702,3265283652,1079732702,3265283652,1079732702,3240645659,4219977075,3240645659,4219977075,3240645659,4219977075,3240645659,4219977075,3240645659,4219977075,3240645659,4219977075,3240645659,4219977075,3240645659,4219977075,0,0,0,0,0,0,0,0,0,0,0,0,0,0,0,0,0,0,0,0,0,0,0,0,0,0,0,0,0,0,0,0,0,0,0,0,0,0,0,0,0,0,0,0,0,0,0,0,0,0,0,0,0,0,0,0,0,0,0,0,0,0,0,0,0,0,0,0,0,0,0,0,0,0,0,0,0,0,0,0,0,0,0,0,0,0,0,0,0,0,0,0,0,0,0,0,
ES_b,3286434206,3286434206,3527943096,3527943096,3920831316,3920831316,3546679964,3546679964,2083290774,2083290774,0,0,0,0,0,0,3286434206,3286434206,3527943096,3527943096,3920831316,3920831316,3546679964,3546679964,2083290774,2083290774,0,0,0,0,0,0,3286434206,3286434206,3527943096,3527943096,3920831316,3920831316,3546679964,3546679964,2083290774,2083290774,0,0,0,0,0,0,3286434206,3286434206,3527943096,3527943096,3920831316,3920831316,3546679964,3546679964,2083290774,2083290774,0,0,0,0,0,0,3286434206,3286434206,3527943096,3527943096,3920831316,3920831316,3546679964,3546679964,2083290774,2083290774,0,0,0,0,0,0,3286434206,3286434206,3527943096,3527943096,3920831316,3920831316,3546679964,3546679964,2083290774,2083290774,0,0,0,0,0,0,3286434206,3286434206,3527943096,3527943096,3920831316,3920831316,3546679964,3546679964,2083290774,2083290774,0,0,0,0,0,0,3286434206,3286434206,3527943096,3527943096,3920831316,3920831316,3546679964,3546679964,2083290774,2083290774,0,0,0,0,0,0,0,0,0,0,0,0,0,0,0,0,0,0,0,0,0,0,0,0,0,0,0,0,0,0,0,0,0,0,0,0,0,0,0,0,0,0,0,0,0,0,0,0,0,0,0,0,0,0,0,0,0,0,0,0,0,0,0,0,0,0,0,0,0,0,0,0,0,0,0,0,0,0,0,0,0,0,0,0,0,0,0,0,0,0,0,0,0,0,0,0,0,0,0,0,0,0,0,0,0,0,0,0,0,0,0,0,0,0,0,0,0,0,0,0,0,0,0,0,0,0,0,0,0,0,0,0,0,0,
ES_c,940429606,4255001056,3797650879,2854694484,2735215197,1137775440,3871225514,3403486380,2059059031,1077458536,0,0,0,0,0,0,993634225,2277054903,1839255603,1248696888,4128520833,1196197287,166431328,1585284436,3451846653,704007500,0,0,0,0,0,0,0,0,0,0,0,0,0,0,0,0,0,0,0,0,0,0,0,0,0,0,0,0,0,0,0,0,0,0,0,0,0,0,0,0,0,0,0,0,0,0,0,0,0,0,0,0,0,0,0,0,0,0,0,0,0,0,0,0,0,0,0,0,0,0,0,0,0,0,0,0,0,0,0,0,0,0,0,0,0,0,0,0,0,0,0,0,0,0,0,0,0,0,0,0,0,0,0,0,0,0,0,0,0,0,0,0,0,0,0,0,0,0,0,0,0,0,0,0,0,0,0,0,0,0,0,0,0,0,0,0,0,0,0,0,0,0,0,0,0,0,0,0,0,0,0,0,0,0,0,0,0,0,0,0,0,0,0,0,0,0,0,0,0,0,0,0,0,0,0,0,0,0,0,0,0,0,0,0,0,0,0,0,0,0,0,0,0,0,0,0,0,0,0,0,0,0,0,0,0,0,0,0,0,0,0,0,0,0,0,0,0,0,0,0,0,0,0,0,0,0,0,0,0,0,
14_TECH_CRC_INTERNAL,09_16_16_40_45.csv,20,20,20,0,100,100,
ES_a,1885923400,2274244249,1885923400,2274244249,1885923400,2274244249,1885923400,2274244249,1885923400,2274244249,1885923400,2274244249,1885923400,2274244249,1885923400,2274244249,2125144577,3687896461,2125144577,3687896461,2125144577,3687896461,2125144577,3687896461,2125144577,3687896461,2125144577,3687896461,2125144577,3687896461,2125144577,3687896461,0,0,0,0,0,0,0,0,0,0,0,0,0,0,0,0,0,0,0,0,0,0,0,0,0,0,0,0,0,0,0,0,0,0,0,0,0,0,0,0,0,0,0,0,0,0,0,0,0,0,0,0,0,0,0,0,0,0,0,0,0,0,0,0,0,0,0,0,0,0,0,0,0,0,0,0,0,0,0,0,0,0,0,0,0,0,0,0,0,0,0,0,0,0,0,0,1885923400,2274244249,1885923400,2274244249,1885923400,2274244249,1885923400,2274244249,1885923400,2274244249,1885923400,2274244249,1885923400,2274244249,1885923400,2274244249,2125144577,3687896461,2125144577,3687896461,2125144577,3687896461,2125144577,3687896461,2125144577,3687896461,2125144577,3687896461,2125144577,3687896461,2125144577,3687896461,0,0,0,0,0,0,0,0,0,0,0,0,0,0,0,0,0,0,0,0,0,0,0,0,0,0,0,0,0,0,0,0,0,0,0,0,0,0,0,0,0,0,0,0,0,0,0,0,0,0,0,0,0,0,0,0,0,0,0,0,0,0,0,0,0,0,0,0,0,0,0,0,0,0,0,0,0,0,0,0,0,0,0,0,0,0,0,0,0,0,0,0,0,0,0,0,
ES_b,2955568591,2955568591,1234638693,1234638693,3606701255,3606701255,944144410,944144410,3366836189,3366836189,0,0,0,0,0,0,2955568591,2955568591,1234638693,1234638693,3606701255,3606701255,944144410,944144410,3366836189,3366836189,0,0,0,0,0,0,2955568591,2955568591,1234638693,1234638693,3606701255,3606701255,944144410,944144410,3366836189,3366836189,0,0,0,0,0,0,2955568591,2955568591,1234638693,1234638693,3606701255,3606701255,944144410,944144410,3366836189,3366836189,0,0,0,0,0,0,2955568591,2955568591,1234638693,1234638693,3606701255,3606701255,944144410,944144410,3366836189,3366836189,0,0,0,0,0,0,2955568591,2955568591,1234638693,1234638693,3606701255,3606701255,944144410,944144410,3366836189,3366836189,0,0,0,0,0,0,2955568591,2955568591,1234638693,1234638693,3606701255,3606701255,944144410,944144410,3366836189,3366836189,0,0,0,0,0,0,2955568591,2955568591,1234638693,1234638693,3606701255,3606701255,944144410,944144410,3366836189,3366836189,0,0,0,0,0,0,0,0,0,0,0,0,0,0,0,0,0,0,0,0,0,0,0,0,0,0,0,0,0,0,0,0,0,0,0,0,0,0,0,0,0,0,0,0,0,0,0,0,0,0,0,0,0,0,0,0,0,0,0,0,0,0,0,0,0,0,0,0,0,0,0,0,0,0,0,0,0,0,0,0,0,0,0,0,0,0,0,0,0,0,0,0,0,0,0,0,0,0,0,0,0,0,0,0,0,0,0,0,0,0,0,0,0,0,0,0,0,0,0,0,0,0,0,0,0,0,0,0,0,0,0,0,0,0,
ES_c,2394934169,3981896254,2407720575,27305254,1394556835,1798510831,880239839,1434752853,1319163053,3067226827,0,0,0,0,0,0,3699087092,1029957517,3196413159,2660388049,3232013604,166638898,3098350163,1138293449,1410216335,1433605483,0,0,0,0,0,0,0,0,0,0,0,0,0,0,0,0,0,0,0,0,0,0,0,0,0,0,0,0,0,0,0,0,0,0,0,0,0,0,0,0,0,0,0,0,0,0,0,0,0,0,0,0,0,0,0,0,0,0,0,0,0,0,0,0,0,0,0,0,0,0,0,0,0,0,0,0,0,0,0,0,0,0,0,0,0,0,0,0,0,0,0,0,0,0,0,0,0,0,0,0,0,0,0,0,0,0,0,0,0,0,0,0,0,0,0,0,0,0,0,0,0,0,0,0,0,0,0,0,0,0,0,0,0,0,0,0,0,0,0,0,0,0,0,0,0,0,0,0,0,0,0,0,0,0,0,0,0,0,0,0,0,0,0,0,0,0,0,0,0,0,0,0,0,0,0,0,0,0,0,0,0,0,0,0,0,0,0,0,0,0,0,0,0,0,0,0,0,0,0,0,0,0,0,0,0,0,0,0,0,0,0,0,0,0,0,0,0,0,0,0,0,0,0,0,0,0,0,0,0,0,
15_TECH_XOR_FLET,09_16_16_41_03.csv,20,20,20,0,100,100,
ES_a,9240603,1900637,9240603,1900637,9240603,1900637,9240603,1900637,9240603,1900637,9240603,1900637,9240603,1900637,9240603,1900637,15007995,8978572,15007995,8978572,15007995,8978572,15007995,8978572,15007995,8978572,15007995,8978572,15007995,8978572,15007995,8978572,0,0,0,0,0,0,0,0,0,0,0,0,0,0,0,0,0,0,0,0,0,0,0,0,0,0,0,0,0,0,0,0,0,0,0,0,0,0,0,0,0,0,0,0,0,0,0,0,0,0,0,0,0,0,0,0,0,0,0,0,0,0,0,0,0,0,0,0,0,0,0,0,0,0,0,0,0,0,0,0,0,0,0,0,0,0,0,0,0,0,0,0,0,0,0,0,9240603,1900637,9240603,1900637,9240603,1900637,9240603,1900637,9240603,1900637,9240603,1900637,9240603,1900637,9240603,1900637,15007995,8978572,15007995,8978572,15007995,8978572,15007995,8978572,15007995,8978572,15007995,8978572,15007995,8978572,15007995,8978572,0,0,0,0,0,0,0,0,0,0,0,0,0,0,0,0,0,0,0,0,0,0,0,0,0,0,0,0,0,0,0,0,0,0,0,0,0,0,0,0,0,0,0,0,0,0,0,0,0,0,0,0,0,0,0,0,0,0,0,0,0,0,0,0,0,0,0,0,0,0,0,0,0,0,0,0,0,0,0,0,0,0,0,0,0,0,0,0,0,0,0,0,0,0,0,0,
ES_b,6225950,6225950,12321001,12321001,8716483,8716483,3211298,3211298,15597801,15597801,0,0,0,0,0,0,6225950,6225950,12321001,12321001,8716483,8716483,3211298,3211298,15597801,15597801,0,0,0,0,0,0,6225950,6225950,12321001,12321001,8716483,8716483,3211298,3211298,15597801,15597801,0,0,0,0,0,0,6225950,6225950,12321001,12321001,8716483,8716483,3211298,3211298,15597801,15597801,0,0,0,0,0,0,6225950,6225950,12321001,12321001,8716483,8716483,3211298,3211298,15597801,15597801,0,0,0,0,0,0,6225950,6225950,12321001,12321001,8716483,8716483,3211298,3211298,15597801,15597801,0,0,0,0,0,0,6225950,6225950,12321001,12321001,8716483,8716483,3211298,3211298,15597801,15597801,0,0,0,0,0,0,6225950,6225950,12321001,12321001,8716483,8716483,3211298,3211298,15597801,15597801,0,0,0,0,0,0,0,0,0,0,0,0,0,0,0,0,0,0,0,0,0,0,0,0,0,0,0,0,0,0,0,0,0,0,0,0,0,0,0,0,0,0,0,0,0,0,0,0,0,0,0,0,0,0,0,0,0,0,0,0,0,0,0,0,0,0,0,0,0,0,0,0,0,0,0,0,0,0,0,0,0,0,0,0,0,0,0,0,0,0,0,0,0,0,0,0,0,0,0,0,0,0,0,0,0,0,0,0,0,0,0,0,0,0,0,0,0,0,0,0,0,0,0,0,0,0,0,0,0,0,0,0,0,0,
ES_c,7405657,16646321,262312,15139029,10223839,2228350,12517536,6750439,15663150,6553766,0,0,0,0,0,0,4915228,10158225,5963883,6750413,12124377,15728851,12451948,11141219,11337851,2424873,0,0,0,0,0,0,0,0,0,0,0,0,0,0,0,0,0,0,0,0,0,0,0,0,0,0,0,0,0,0,0,0,0,0,0,0,0,0,0,0,0,0,0,0,0,0,0,0,0,0,0,0,0,0,0,0,0,0,0,0,0,0,0,0,0,0,0,0,0,0,0,0,0,0,0,0,0,0,0,0,0,0,0,0,0,0,0,0,0,0,0,0,0,0,0,0,0,0,0,0,0,0,0,0,0,0,0,0,0,0,0,0,0,0,0,0,0,0,0,0,0,0,0,0,0,0,0,0,0,0,0,0,0,0,0,0,0,0,0,0,0,0,0,0,0,0,0,0,0,0,0,0,0,0,0,0,0,0,0,0,0,0,0,0,0,0,0,0,0,0,0,0,0,0,0,0,0,0,0,0,0,0,0,0,0,0,0,0,0,0,0,0,0,0,0,0,0,0,0,0,0,0,0,0,0,0,0,0,0,0,0,0,0,0,0,0,0,0,0,0,0,0,0,0,0,0,0,0,0,0,
16_TECH_XOR_CRC,09_16_16_41_21.csv,20,20,20,0,100,100,
ES_a,4179357495,3741825364,4179357495,3741825364,4179357495,3741825364,4179357495,3741825364,4179357495,3741825364,4179357495,3741825364,4179357495,3741825364,4179357495,3741825364,2026533100,924117354,2026533100,924117354,2026533100,924117354,2026533100,924117354,2026533100,924117354,2026533100,924117354,2026533100,924117354,2026533100,924117354,0,0,0,0,0,0,0,0,0,0,0,0,0,0,0,0,0,0,0,0,0,0,0,0,0,0,0,0,0,0,0,0,0,0,0,0,0,0,0,0,0,0,0,0,0,0,0,0,0,0,0,0,0,0,0,0,0,0,0,0,0,0,0,0,0,0,0,0,0,0,0,0,0,0,0,0,0,0,0,0,0,0,0,0,0,0,0,0,0,0,0,0,0,0,0,0,4179357495,3741825364,4179357495,3741825364,4179357495,3741825364,4179357495,3741825364,4179357495,3741825364,4179357495,3741825364,4179357495,3741825364,4179357495,3741825364,2026533100,924117354,2026533100,924117354,2026533100,924117354,2026533100,924117354,2026533100,924117354,2026533100,924117354,2026533100,924117354,2026533100,924117354,0,0,0,0,0,0,0,0,0,0,0,0,0,0,0,0,0,0,0,0,0,0,0,0,0,0,0,0,0,0,0,0,0,0,0,0,0,0,0,0,0,0,0,0,0,0,0,0,0,0,0,0,0,0,0,0,0,0,0,0,0,0,0,0,0,0,0,0,0,0,0,0,0,0,0,0,0,0,0,0,0,0,0,0,0,0,0,0,0,0,0,0,0,0,0,0,
ES_b,3286434206,3286434206,3527943096,3527943096,3920831316,3920831316,3546679964,3546679964,2083290774,2083290774,0,0,0,0,0,0,3286434206,3286434206,3527943096,3527943096,3920831316,3920831316,3546679964,3546679964,2083290774,2083290774,0,0,0,0,0,0,3286434206,3286434206,3527943096,3527943096,3920831316,3920831316,3546679964,3546679964,2083290774,2083290774,0,0,0,0,0,0,3286434206,3286434206,3527943096,3527943096,3920831316,3920831316,3546679964,3546679964,2083290774,2083290774,0,0,0,0,0,0,3286434206,3286434206,3527943096,3527943096,3920831316,3920831316,3546679964,3546679964,2083290774,2083290774,0,0,0,0,0,0,3286434206,3286434206,3527943096,3527943096,3920831316,3920831316,3546679964,3546679964,2083290774,2083290774,0,0,0,0,0,0,3286434206,3286434206,3527943096,3527943096,3920831316,3920831316,3546679964,3546679964,2083290774,2083290774,0,0,0,0,0,0,3286434206,3286434206,3527943096,3527943096,3920831316,3920831316,3546679964,3546679964,2083290774,2083290774,0,0,0,0,0,0,0,0,0,0,0,0,0,0,0,0,0,0,0,0,0,0,0,0,0,0,0,0,0,0,0,0,0,0,0,0,0,0,0,0,0,0,0,0,0,0,0,0,0,0,0,0,0,0,0,0,0,0,0,0,0,0,0,0,0,0,0,0,0,0,0,0,0,0,0,0,0,0,0,0,0,0,0,0,0,0,0,0,0,0,0,0,0,0,0,0,0,0,0,0,0,0,0,0,0,0,0,0,0,0,0,0,0,0,0,0,0,0,0,0,0,0,0,0,0,0,0,0,0,0,0,0,0,0,
ES_c,242740890,3734929132,4083246501,3682610415,862367747,1418948895,3190015486,2064291650,1203231643,2836419603,0,0,0,0,0,0,1353554676,366806378,2737294298,3099199937,806513861,2923241190,1067035439,4011386563,2491433832,228029702,0,0,0,0,0,0,0,0,0,0,0,0,0,0,0,0,0,0,0,0,0,0,0,0,0,0,0,0,0,0,0,0,0,0,0,0,0,0,0,0,0,0,0,0,0,0,0,0,0,0,0,0,0,0,0,0,0,0,0,0,0,0,0,0,0,0,0,0,0,0,0,0,0,0,0,0,0,0,0,0,0,0,0,0,0,0,0,0,0,0,0,0,0,0,0,0,0,0,0,0,0,0,0,0,0,0,0,0,0,0,0,0,0,0,0,0,0,0,0,0,0,0,0,0,0,0,0,0,0,0,0,0,0,0,0,0,0,0,0,0,0,0,0,0,0,0,0,0,0,0,0,0,0,0,0,0,0,0,0,0,0,0,0,0,0,0,0,0,0,0,0,0,0,0,0,0,0,0,0,0,0,0,0,0,0,0,0,0,0,0,0,0,0,0,0,0,0,0,0,0,0,0,0,0,0,0,0,0,0,0,0,0,0,0,0,0,0,0,0,0,0,0,0,0,0,0,0,0,0,0,
17_TECH_ONES_FLET,09_16_16_41_40.csv,20,20,20,0,100,100,
ES_a,14221450,917524,14221450,917524,14221450,917524,14221450,917524,14221450,917524,14221450,917524,14221450,917524,14221450,917524,5439551,7798881,5439551,7798881,5439551,7798881,5439551,7798881,5439551,7798881,5439551,7798881,5439551,7798881,5439551,7798881,0,0,0,0,0,0,0,0,0,0,0,0,0,0,0,0,0,0,0,0,0,0,0,0,0,0,0,0,0,0,0,0,0,0,0,0,0,0,0,0,0,0,0,0,0,0,0,0,0,0,0,0,0,0,0,0,0,0,0,0,0,0,0,0,0,0,0,0,0,0,0,0,0,0,0,0,0,0,0,0,0,0,0,0,0,0,0,0,0,0,0,0,0,0,0,0,14221450,917524,14221450,917524,14221450,917524,14221450,917524,14221450,917524,14221450,917524,14221450,917524,14221450,917524,5439551,7798881,5439551,7798881,5439551,7798881,5439551,7798881,5439551,7798881,5439551,7798881,5439551,7798881,5439551,7798881,0,0,0,0,0,0,0,0,0,0,0,0,0,0,0,0,0,0,0,0,0,0,0,0,0,0,0,0,0,0,0,0,0,0,0,0,0,0,0,0,0,0,0,0,0,0,0,0,0,0,0,0,0,0,0,0,0,0,0,0,0,0,0,0,0,0,0,0,0,0,0,0,0,0,0,0,0,0,0,0,0,0,0,0,0,0,0,0,0,0,0,0,0,0,0,0,
ES_b,6225950,6225950,12321001,12321001,8716483,8716483,3211298,3211298,15597801,15597801,0,0,0,0,0,0,6225950,6225950,12321001,12321001,8716483,8716483,3211298,3211298,15597801,15597801,0,0,0,0,0,0,6225950,6225950,12321001,12321001,8716483,8716483,3211298,3211298,15597801,15597801,0,0,0,0,0,0,6225950,6225950,12321001,12321001,8716483,8716483,3211298,3211298,15597801,15597801,0,0,0,0,0,0,6225950,6225950,12321001,12321001,8716483,8716483,3211298,3211298,15597801,15597801,0,0,0,0,0,0,6225950,6225950,12321001,12321001,8716483,8716483,3211298,3211298,15597801,15597801,0,0,0,0,0,0,6225950,6225950,12321001,12321001,8716483,8716483,3211298,3211298,15597801,15597801,0,0,0,0,0,0,6225950,6225950,12321001,12321001,8716483,8716483,3211298,3211298,15597801,15597801,0,0,0,0,0,0,0,0,0,0,0,0,0,0,0,0,0,0,0,0,0,0,0,0,0,0,0,0,0,0,0,0,0,0,0,0,0,0,0,0,0,0,0,0,0,0,0,0,0,0,0,0,0,0,0,0,0,0,0,0,0,0,0,0,0,0,0,0,0,0,0,0,0,0,0,0,0,0,0,0,0,0,0,0,0,0,0,0,0,0,0,0,0,0,0,0,0,0,0,0,0,0,0,0,0,0,0,0,0,0,0,0,0,0,0,0,0,0,0,0,0,0,0,0,0,0,0,0,0,0,0,0,0,0,
ES_c,2162702,12910812,4915308,15728717,1114246,5374167,4456524,14745847,6684851,15073384,0,0,0,0,0,0,16122068,7667732,4128850,3211269,4456571,4063437,5374168,10551466,13434903,11141195,0,0,0,0,0,0,0,0,0,0,0,0,0,0,0,0,0,0,0,0,0,0,0,0,0,0,0,0,0,0,0,0,0,0,0,0,0,0,0,0,0,0,0,0,0,0,0,0,0,0,0,0,0,0,0,0,0,0,0,0,0,0,0,0,0,0,0,0,0,0,0,0,0,0,0,0,0,0,0,0,0,0,0,0,0,0,0,0,0,0,0,0,0,0,0,0,0,0,0,0,0,0,0,0,0,0,0,0,0,0,0,0,0,0,0,0,0,0,0,0,0,0,0,0,0,0,0,0,0,0,0,0,0,0,0,0,0,0,0,0,0,0,0,0,0,0,0,0,0,0,0,0,0,0,0,0,0,0,0,0,0,0,0,0,0,0,0,0,0,0,0,0,0,0,0,0,0,0,0,0,0,0,0,0,0,0,0,0,0,0,0,0,0,0,0,0,0,0,0,0,0,0,0,0,0,0,0,0,0,0,0,0,0,0,0,0,0,0,0,0,0,0,0,0,0,0,0,0,0,0,
18_TECH_ONES_CRC,09_16_16_42_01.csv,20,20,20,0,100,100,
ES_a,1604929978,1666842927,1604929978,1666842927,1604929978,1666842927,1604929978,1666842927,1604929978,1666842927,1604929978,1666842927,1604929978,1666842927,1604929978,1666842927,3660112090,4161925883,3660112090,4161925883,3660112090,4161925883,3660112090,4161925883,3660112090,4161925883,3660112090,4161925883,3660112090,4161925883,3660112090,4161925883,0,0,0,0,0,0,0,0,0,0,0,0,0,0,0,0,0,0,0,0,0,0,0,0,0,0,0,0,0,0,0,0,0,0,0,0,0,0,0,0,0,0,0,0,0,0,0,0,0,0,0,0,0,0,0,0,0,0,0,0,0,0,0,0,0,0,0,0,0,0,0,0,0,0,0,0,0,0,0,0,0,0,0,0,0,0,0,0,0,0,0,0,0,0,0,0,1604929978,1666842927,1604929978,1666842927,1604929978,1666842927,1604929978,1666842927,1604929978,1666842927,1604929978,1666842927,1604929978,1666842927,1604929978,1666842927,3660112090,4161925883,3660112090,4161925883,3660112090,4161925883,3660112090,4161925883,3660112090,4161925883,3660112090,4161925883,3660112090,4161925883,3660112090,4161925883,0,0,0,0,0,0,0,0,0,0,0,0,0,0,0,0,0,0,0,0,0,0,0,0,0,0,0,0,0,0,0,0,0,0,0,0,0,0,0,0,0,0,0,0,0,0,0,0,0,0,0,0,0,0,0,0,0,0,0,0,0,0,0,0,0,0,0,0,0,0,0,0,0,0,0,0,0,0,0,0,0,0,0,0,0,0,0,0,0,0,0,0,0,0,0,0,
ES_b,3286434206,3286434206,3527943096,3527943096,3920831316,3920831316,3546679964,3546679964,2083290774,2083290774,0,0,0,0,0,0,3286434206,3286434206,3527943096,3527943096,3920831316,3920831316,3546679964,3546679964,2083290774,2083290774,0,0,0,0,0,0,3286434206,3286434206,3527943096,3527943096,3920831316,3920831316,3546679964,3546679964,2083290774,2083290774,0,0,0,0,0,0,3286434206,3286434206,3527943096,3527943096,3920831316,3920831316,3546679964,3546679964,2083290774,2083290774,0,0,0,0,0,0,3286434206,3286434206,3527943096,3527943096,3920831316,3920831316,3546679964,3546679964,2083290774,2083290774,0,0,0,0,0,0,3286434206,3286434206,3527943096,3527943096,3920831316,3920831316,3546679964,3546679964,2083290774,2083290774,0,0,0,0,0,0,3286434206,3286434206,3527943096,3527943096,3920831316,3920831316,3546679964,3546679964,2083290774,2083290774,0,0,0,0,0,0,3286434206,3286434206,3527943096,3527943096,3920831316,3920831316,3546679964,3546679964,2083290774,2083290774,0,0,0,0,0,0,0,0,0,0,0,0,0,0,0,0,0,0,0,0,0,0,0,0,0,0,0,0,0,0,0,0,0,0,0,0,0,0,0,0,0,0,0,0,0,0,0,0,0,0,0,0,0,0,0,0,0,0,0,0,0,0,0,0,0,0,0,0,0,0,0,0,0,0,0,0,0,0,0,0,0,0,0,0,0,0,0,0,0,0,0,0,0,0,0,0,0,0,0,0,0,0,0,0,0,0,0,0,0,0,0,0,0,0,0,0,0,0,0,0,0,0,0,0,0,0,0,0,0,0,0,0,0,0,
ES_c,1800219019,2696708611,518252741,4160666134,1932621014,309955628,3324303694,1763604433,4058811741,2910379154,0,0,0,0,0,0,269540483,4195500190,83439234,2865938642,3010899339,2125896878,2496709726,2231236079,776562047,4142440885,0,0,0,0,0,0,0,0,0,0,0,0,0,0,0,0,0,0,0,0,0,0,0,0,0,0,0,0,0,0,0,0,0,0,0,0,0,0,0,0,0,0,0,0,0,0,0,0,0,0,0,0,0,0,0,0,0,0,0,0,0,0,0,0,0,0,0,0,0,0,0,0,0,0,0,0,0,0,0,0,0,0,0,0,0,0,0,0,0,0,0,0,0,0,0,0,0,0,0,0,0,0,0,0,0,0,0,0,0,0,0,0,0,0,0,0,0,0,0,0,0,0,0,0,0,0,0,0,0,0,0,0,0,0,0,0,0,0,0,0,0,0,0,0,0,0,0,0,0,0,0,0,0,0,0,0,0,0,0,0,0,0,0,0,0,0,0,0,0,0,0,0,0,0,0,0,0,0,0,0,0,0,0,0,0,0,0,0,0,0,0,0,0,0,0,0,0,0,0,0,0,0,0,0,0,0,0,0,0,0,0,0,0,0,0,0,0,0,0,0,0,0,0,0,0,0,0,0,0,0,
19_TECH_TWOS_FLET,09_16_16_42_20.csv,20,20,20,0,100,100,
ES_a,11993292,13959232,11993292,13959232,11993292,13959232,11993292,13959232,11993292,13959232,11993292,13959232,11993292,13959232,11993292,13959232,8388726,15728803,8388726,15728803,8388726,15728803,8388726,15728803,8388726,15728803,8388726,15728803,8388726,15728803,8388726,15728803,0,0,0,0,0,0,0,0,0,0,0,0,0,0,0,0,0,0,0,0,0,0,0,0,0,0,0,0,0,0,0,0,0,0,0,0,0,0,0,0,0,0,0,0,0,0,0,0,0,0,0,0,0,0,0,0,0,0,0,0,0,0,0,0,0,0,0,0,0,0,0,0,0,0,0,0,0,0,0,0,0,0,0,0,0,0,0,0,0,0,0,0,0,0,0,0,11993292,13959232,11993292,13959232,11993292,13959232,11993292,13959232,11993292,13959232,11993292,13959232,11993292,13959232,11993292,13959232,8388726,15728803,8388726,15728803,8388726,15728803,8388726,15728803,8388726,15728803,8388726,15728803,8388726,15728803,8388726,15728803,0,0,0,0,0,0,0,0,0,0,0,0,0,0,0,0,0,0,0,0,0,0,0,0,0,0,0,0,0,0,0,0,0,0,0,0,0,0,0,0,0,0,0,0,0,0,0,0,0,0,0,0,0,0,0,0,0,0,0,0,0,0,0,0,0,0,0,0,0,0,0,0,0,0,0,0,0,0,0,0,0,0,0,0,0,0,0,0,0,0,0,0,0,0,0,0,
ES_b,6225950,6225950,12321001,12321001,8716483,8716483,3211298,3211298,15597801,15597801,0,0,0,0,0,0,6225950,6225950,12321001,12321001,8716483,8716483,3211298,3211298,15597801,15597801,0,0,0,0,0,0,6225950,6225950,12321001,12321001,8716483,8716483,3211298,3211298,15597801,15597801,0,0,0,0,0,0,6225950,6225950,12321001,12321001,8716483,8716483,3211298,3211298,15597801,15597801,0,0,0,0,0,0,6225950,6225950,12321001,12321001,8716483,8716483,3211298,3211298,15597801,15597801,0,0,0,0,0,0,6225950,6225950,12321001,12321001,8716483,8716483,3211298,3211298,15597801,15597801,0,0,0,0,0,0,6225950,6225950,12321001,12321001,8716483,8716483,3211298,3211298,15597801,15597801,0,0,0,0,0,0,6225950,6225950,12321001,12321001,8716483,8716483,3211298,3211298,15597801,15597801,0,0,0,0,0,0,0,0,0,0,0,0,0,0,0,0,0,0,0,0,0,0,0,0,0,0,0,0,0,0,0,0,0,0,0,0,0,0,0,0,0,0,0,0,0,0,0,0,0,0,0,0,0,0,0,0,0,0,0,0,0,0,0,0,0,0,0,0,0,0,0,0,0,0,0,0,0,0,0,0,0,0,0,0,0,0,0,0,0,0,0,0,0,0,0,0,0,0,0,0,0,0,0,0,0,0,0,0,0,0,0,0,0,0,0,0,0,0,0,0,0,0,0,0,0,0,0,0,0,0,0,0,0,0,
ES_c,3014685,10092779,11731072,9240668,2818188,10158299,14549088,12321021,15728837,3276913,0,0,0,0,0,0,15007968,15401005,13959261,9175067,262276,15335641,14418152,10813627,5308451,16580703,0,0,0,0,0,0,0,0,0,0,0,0,0,0,0,0,0,0,0,0,0,0,0,0,0,0,0,0,0,0,0,0,0,0,0,0,0,0,0,0,0,0,0,0,0,0,0,0,0,0,0,0,0,0,0,0,0,0,0,0,0,0,0,0,0,0,0,0,0,0,0,0,0,0,0,0,0,0,0,0,0,0,0,0,0,0,0,0,0,0,0,0,0,0,0,0,0,0,0,0,0,0,0,0,0,0,0,0,0,0,0,0,0,0,0,0,0,0,0,0,0,0,0,0,0,0,0,0,0,0,0,0,0,0,0,0,0,0,0,0,0,0,0,0,0,0,0,0,0,0,0,0,0,0,0,0,0,0,0,0,0,0,0,0,0,0,0,0,0,0,0,0,0,0,0,0,0,0,0,0,0,0,0,0,0,0,0,0,0,0,0,0,0,0,0,0,0,0,0,0,0,0,0,0,0,0,0,0,0,0,0,0,0,0,0,0,0,0,0,0,0,0,0,0,0,0,0,0,0,0,
1_TECH_XOR_INTERMEDIATE,09_16_16_36_43.csv,20,20,20,0,100,100,
ES_a,0,0,0,0,0,0,0,0,0,0,0,0,0,0,0,0,0,0,0,0,0,0,0,0,0,0,0,0,0,0,0,0,0,0,0,0,0,0,0,0,0,0,0,0,0,0,0,0,0,0,0,0,0,0,0,0,0,0,0,0,0,0,0,0,0,0,0,0,0,0,0,0,0,0,0,0,0,0,0,0,0,0,0,0,0,0,0,0,0,0,0,0,0,0,0,0,0,0,0,0,0,0,0,0,0,0,0,0,0,0,0,0,0,0,0,0,0,0,0,0,0,0,0,0,0,0,0,0,0,0,0,0,0,0,0,0,0,0,0,0,0,0,0,0,0,0,0,0,0,0,0,0,0,0,0,0,0,0,0,0,0,0,0,0,0,0,0,0,0,0,0,0,0,0,0,0,0,0,0,0,0,0,0,0,0,0,0,0,0,0,0,0,0,0,0,0,0,0,0,0,0,0,0,0,0,0,0,0,0,0,0,0,0,0,0,0,0,0,0,0,0,0,0,0,0,0,0,0,0,0,0,0,0,0,0,0,0,0,0,0,0,0,0,0,0,0,0,0,0,0,0,0,0,0,0,0,
ES_b,127601279,127601279,25549275,25549275,3279939,3279939,116797998,116797998,34223522,34223522,0,0,0,0,0,0,127601279,127601279,25549275,25549275,3279939,3279939,116797998,116797998,34223522,34223522,0,0,0,0,0,0,127601279,127601279,25549275,25549275,3279939,3279939,116797998,116797998,34223522,34223522,0,0,0,0,0,0,127601279,127601279,25549275,25549275,3279939,3279939,116797998,116797998,34223522,34223522,0,0,0,0,0,0,127601279,127601279,25549275,25549275,3279939,3279939,116797998,116797998,34223522,34223522,0,0,0,0,0,0,127601279,127601279,25549275,25549275,3279939,3279939,116797998,116797998,34223522,34223522,0,0,0,0,0,0,127601279,127601279,25549275,25549275,3279939,3279939,116797998,116797998,34223522,34223522,0,0,0,0,0,0,127601279,127601279,25549275,25549275,3279939,3279939,116797998,116797998,34223522,34223522,0,0,0,0,0,0,0,0,0,0,0,0,0,0,0,0,0,0,0,0,0,0,0,0,0,0,0,0,0,0,0,0,0,0,0,0,0,0,0,0,0,0,0,0,0,0,0,0,0,0,0,0,0,0,0,0,0,0,0,0,0,0,0,0,0,0,0,0,0,0,0,0,0,0,0,0,0,0,0,0,0,0,0,0,0,0,0,0,0,0,0,0,0,0,0,0,0,0,0,0,0,0,0,0,0,0,0,0,0,0,0,0,0,0,0,0,0,0,0,0,0,0,0,0,0,0,0,0,0,0,0,0,0,0,
ES_c,43257986,61165251,67386353,4551140,729034,42519234,31635925,18330303,99179208,21710252,0,0,0,0,0,0,4034025,7673309,10472422,70490125,26262293,13750116,16699444,11440223,4690439,20836796,0,0,0,0,0,0,0,0,0,0,0,0,0,0,0,0,0,0,0,0,0,0,0,0,0,0,0,0,0,0,0,0,0,0,0,0,0,0,0,0,0,0,0,0,0,0,0,0,0,0,0,0,0,0,0,0,0,0,0,0,0,0,0,0,0,0,0,0,0,0,0,0,0,0,0,0,0,0,0,0,0,0,0,0,0,0,0,0,0,0,0,0,0,0,0,0,0,0,0,0,0,0,0,0,0,0,0,0,0,0,0,0,0,0,0,0,0,0,0,0,0,0,0,0,0,0,0,0,0,0,0,0,0,0,0,0,0,0,0,0,0,0,0,0,0,0,0,0,0,0,0,0,0,0,0,0,0,0,0,0,0,0,0,0,0,0,0,0,0,0,0,0,0,0,0,0,0,0,0,0,0,0,0,0,0,0,0,0,0,0,0,0,0,0,0,0,0,0,0,0,0,0,0,0,0,0,0,0,0,0,0,0,0,0,0,0,0,0,0,0,0,0,0,0,0,0,0,0,0,0,
20_TECH_TWOS_CRC,09_16_16_42_40.csv,20,20,20,0,100,100,
ES_a,2563637802,835494120,2563637802,835494120,2563637802,835494120,2563637802,835494120,2563637802,835494120,2563637802,835494120,2563637802,835494120,2563637802,835494120,1198355098,1417836676,1198355098,1417836676,1198355098,1417836676,1198355098,1417836676,1198355098,1417836676,1198355098,1417836676,1198355098,1417836676,1198355098,1417836676,0,0,0,0,0,0,0,0,0,0,0,0,0,0,0,0,0,0,0,0,0,0,0,0,0,0,0,0,0,0,0,0,0,0,0,0,0,0,0,0,0,0,0,0,0,0,0,0,0,0,0,0,0,0,0,0,0,0,0,0,0,0,0,0,0,0,0,0,0,0,0,0,0,0,0,0,0,0,0,0,0,0,0,0,0,0,0,0,0,0,0,0,0,0,0,0,2563637802,835494120,2563637802,835494120,2563637802,835494120,2563637802,835494120,2563637802,835494120,2563637802,835494120,2563637802,835494120,2563637802,835494120,1198355098,1417836676,1198355098,1417836676,1198355098,1417836676,1198355098,1417836676,1198355098,1417836676,1198355098,1417836676,1198355098,1417836676,1198355098,1417836676,0,0,0,0,0,0,0,0,0,0,0,0,0,0,0,0,0,0,0,0,0,0,0,0,0,0,0,0,0,0,0,0,0,0,0,0,0,0,0,0,0,0,0,0,0,0,0,0,0,0,0,0,0,0,0,0,0,0,0,0,0,0,0,0,0,0,0,0,0,0,0,0,0,0,0,0,0,0,0,0,0,0,0,0,0,0,0,0,0,0,0,0,0,0,0,0,
ES_b,3286434206,3286434206,3527943096,3527943096,3920831316,3920831316,3546679964,3546679964,2083290774,2083290774,0,0,0,0,0,0,3286434206,3286434206,3527943096,3527943096,3920831316,3920831316,3546679964,3546679964,2083290774,2083290774,0,0,0,0,0,0,3286434206,3286434206,3527943096,3527943096,3920831316,3920831316,3546679964,3546679964,2083290774,2083290774,0,0,0,0,0,0,3286434206,3286434206,3527943096,3527943096,3920831316,3920831316,3546679964,3546679964,2083290774,2083290774,0,0,0,0,0,0,3286434206,3286434206,3527943096,3527943096,3920831316,3920831316,3546679964,3546679964,2083290774,2083290774,0,0,0,0,0,0,3286434206,3286434206,3527943096,3527943096,3920831316,3920831316,3546679964,3546679964,2083290774,2083290774,0,0,0,0,0,0,3286434206,3286434206,3527943096,3527943096,3920831316,3920831316,3546679964,3546679964,2083290774,2083290774,0,0,0,0,0,0,3286434206,3286434206,3527943096,3527943096,3920831316,3920831316,3546679964,3546679964,2083290774,2083290774,0,0,0,0,0,0,0,0,0,0,0,0,0,0,0,0,0,0,0,0,0,0,0,0,0,0,0,0,0,0,0,0,0,0,0,0,0,0,0,0,0,0,0,0,0,0,0,0,0,0,0,0,0,0,0,0,0,0,0,0,0,0,0,0,0,0,0,0,0,0,0,0,0,0,0,0,0,0,0,0,0,0,0,0,0,0,0,0,0,0,0,0,0,0,0,0,0,0,0,0,0,0,0,0,0,0,0,0,0,0,0,0,0,0,0,0,0,0,0,0,0,0,0,0,0,0,0,0,0,0,0,0,0,0,
ES_c,2947256676,2560432713,481183384,317261978,2326199596,70790633,2945809592,3908840792,3589129834,1812033858,0,0,0,0,0,0,1468361266,1534385999,471497521,3605805474,3535662546,3375830299,1375782063,664563131,4151691026,2352163980,0,0,0,0,0,0,0,0,0,0,0,0,0,0,0,0,0,0,0,0,0,0,0,0,0,0,0,0,0,0,0,0,0,0,0,0,0,0,0,0,0,0,0,0,0,0,0,0,0,0,0,0,0,0,0,0,0,0,0,0,0,0,0,0,0,0,0,0,0,0,0,0,0,0,0,0,0,0,0,0,0,0,0,0,0,0,0,0,0,0,0,0,0,0,0,0,0,0,0,0,0,0,0,0,0,0,0,0,0,0,0,0,0,0,0,0,0,0,0,0,0,0,0,0,0,0,0,0,0,0,0,0,0,0,0,0,0,0,0,0,0,0,0,0,0,0,0,0,0,0,0,0,0,0,0,0,0,0,0,0,0,0,0,0,0,0,0,0,0,0,0,0,0,0,0,0,0,0,0,0,0,0,0,0,0,0,0,0,0,0,0,0,0,0,0,0,0,0,0,0,0,0,0,0,0,0,0,0,0,0,0,0,0,0,0,0,0,0,0,0,0,0,0,0,0,0,0,0,0,0,
21_TECH_FLET_CRC,09_16_16_43_11.csv,20,20,20,0,100,100,
ES_a,2004017463,3070598152,2004017463,3070598152,2004017463,3070598152,2004017463,3070598152,2004017463,3070598152,2004017463,3070598152,2004017463,3070598152,2004017463,3070598152,596625317,3103112214,596625317,3103112214,596625317,3103112214,596625317,3103112214,596625317,3103112214,596625317,3103112214,596625317,3103112214,596625317,3103112214,0,0,0,0,0,0,0,0,0,0,0,0,0,0,0,0,0,0,0,0,0,0,0,0,0,0,0,0,0,0,0,0,0,0,0,0,0,0,0,0,0,0,0,0,0,0,0,0,0,0,0,0,0,0,0,0,0,0,0,0,0,0,0,0,0,0,0,0,0,0,0,0,0,0,0,0,0,0,0,0,0,0,0,0,0,0,0,0,0,0,0,0,0,0,0,0,2004017463,3070598152,2004017463,3070598152,2004017463,3070598152,2004017463,3070598152,2004017463,3070598152,2004017463,3070598152,2004017463,3070598152,2004017463,3070598152,596625317,3103112214,596625317,3103112214,596625317,3103112214,596625317,3103112214,596625317,3103112214,596625317,3103112214,596625317,3103112214,596625317,3103112214,0,0,0,0,0,0,0,0,0,0,0,0,0,0,0,0,0,0,0,0,0,0,0,0,0,0,0,0,0,0,0,0,0,0,0,0,0,0,0,0,0,0,0,0,0,0,0,0,0,0,0,0,0,0,0,0,0,0,0,0,0,0,0,0,0,0,0,0,0,0,0,0,0,0,0,0,0,0,0,0,0,0,0,0,0,0,0,0,0,0,0,0,0,0,0,0,
ES_b,4101050617,4101050617,2614296347,2614296347,2092325939,2092325939,158900245,158900245,3998868979,3998868979,0,0,0,0,0,0,4101050617,4101050617,2614296347,2614296347,2092325939,2092325939,158900245,158900245,3998868979,3998868979,0,0,0,0,0,0,4101050617,4101050617,2614296347,2614296347,2092325939,2092325939,158900245,158900245,3998868979,3998868979,0,0,0,0,0,0,4101050617,4101050617,2614296347,2614296347,2092325939,2092325939,158900245,158900245,3998868979,3998868979,0,0,0,0,0,0,4101050617,4101050617,2614296347,2614296347,2092325939,2092325939,158900245,158900245,3998868979,3998868979,0,0,0,0,0,0,4101050617,4101050617,2614296347,2614296347,2092325939,2092325939,158900245,158900245,3998868979,3998868979,0,0,0,0,0,0,4101050617,4101050617,2614296347,2614296347,2092325939,2092325939,158900245,158900245,3998868979,3998868979,0,0,0,0,0,0,4101050617,4101050617,2614296347,2614296347,2092325939,2092325939,158900245,158900245,3998868979,3998868979,0,0,0,0,0,0,0,0,0,0,0,0,0,0,0,0,0,0,0,0,0,0,0,0,0,0,0,0,0,0,0,0,0,0,0,0,0,0,0,0,0,0,0,0,0,0,0,0,0,0,0,0,0,0,0,0,0,0,0,0,0,0,0,0,0,0,0,0,0,0,0,0,0,0,0,0,0,0,0,0,0,0,0,0,0,0,0,0,0,0,0,0,0,0,0,0,0,0,0,0,0,0,0,0,0,0,0,0,0,0,0,0,0,0,0,0,0,0,0,0,0,0,0,0,0,0,0,0,0,0,0,0,0,0,
ES_c,3613082106,3590774098,2082162863,3824349172,2166533029,2027969591,3488612065,3840460923,2595050571,3937221792,0,0,0,0,0,0,3313966070,4143138880,2178069659,2119239658,487987897,3376384974,3899424019,2180838869,1414472253,3517425613,0,0,0,0,0,0,0,0,0,0,0,0,0,0,0,0,0,0,0,0,0,0,0,0,0,0,0,0,0,0,0,0,0,0,0,0,0,0,0,0,0,0,0,0,0,0,0,0,0,0,0,0,0,0,0,0,0,0,0,0,0,0,0,0,0,0,0,0,0,0,0,0,0,0,0,0,0,0,0,0,0,0,0,0,0,0,0,0,0,0,0,0,0,0,0,0,0,0,0,0,0,0,0,0,0,0,0,0,0,0,0,0,0,0,0,0,0,0,0,0,0,0,0,0,0,0,0,0,0,0,0,0,0,0,0,0,0,0,0,0,0,0,0,0,0,0,0,0,0,0,0,0,0,0,0,0,0,0,0,0,0,0,0,0,0,0,0,0,0,0,0,0,0,0,0,0,0,0,0,0,0,0,0,0,0,0,0,0,0,0,0,0,0,0,0,0,0,0,0,0,0,0,0,0,0,0,0,0,0,0,0,0,0,0,0,0,0,0,0,0,0,0,0,0,0,0,0,0,0,0,
22_TECH_NO_ED,09_16_16_43_26.csv,20,20,20,0,100,100,
ES_a,0,0,0,0,0,0,0,0,0,0,0,0,0,0,0,0,0,0,0,0,0,0,0,0,0,0,0,0,0,0,0,0,0,0,0,0,0,0,0,0,0,0,0,0,0,0,0,0,0,0,0,0,0,0,0,0,0,0,0,0,0,0,0,0,0,0,0,0,0,0,0,0,0,0,0,0,0,0,0,0,0,0,0,0,0,0,0,0,0,0,0,0,0,0,0,0,0,0,0,0,0,0,0,0,0,0,0,0,0,0,0,0,0,0,0,0,0,0,0,0,0,0,0,0,0,0,0,0,0,0,0,0,0,0,0,0,0,0,0,0,0,0,0,0,0,0,0,0,0,0,0,0,0,0,0,0,0,0,0,0,0,0,0,0,0,0,0,0,0,0,0,0,0,0,0,0,0,0,0,0,0,0,0,0,0,0,0,0,0,0,0,0,0,0,0,0,0,0,0,0,0,0,0,0,0,0,0,0,0,0,0,0,0,0,0,0,0,0,0,0,0,0,0,0,0,0,0,0,0,0,0,0,0,0,0,0,0,0,0,0,0,0,0,0,0,0,0,0,0,0,0,0,0,0,0,0,
ES_b,0,0,0,0,0,0,0,0,0,0,0,0,0,0,0,0,0,0,0,0,0,0,0,0,0,0,0,0,0,0,0,0,0,0,0,0,0,0,0,0,0,0,0,0,0,0,0,0,0,0,0,0,0,0,0,0,0,0,0,0,0,0,0,0,0,0,0,0,0,0,0,0,0,0,0,0,0,0,0,0,0,0,0,0,0,0,0,0,0,0,0,0,0,0,0,0,0,0,0,0,0,0,0,0,0,0,0,0,0,0,0,0,0,0,0,0,0,0,0,0,0,0,0,0,0,0,0,0,0,0,0,0,0,0,0,0,0,0,0,0,0,0,0,0,0,0,0,0,0,0,0,0,0,0,0,0,0,0,0,0,0,0,0,0,0,0,0,0,0,0,0,0,0,0,0,0,0,0,0,0,0,0,0,0,0,0,0,0,0,0,0,0,0,0,0,0,0,0,0,0,0,0,0,0,0,0,0,0,0,0,0,0,0,0,0,0,0,0,0,0,0,0,0,0,0,0,0,0,0,0,0,0,0,0,0,0,0,0,0,0,0,0,0,0,0,0,0,0,0,0,0,0,0,0,0,0,
ES_c,0,0,0,0,0,0,0,0,0,0,0,0,0,0,0,0,0,0,0,0,0,0,0,0,0,0,0,0,0,0,0,0,0,0,0,0,0,0,0,0,0,0,0,0,0,0,0,0,0,0,0,0,0,0,0,0,0,0,0,0,0,0,0,0,0,0,0,0,0,0,0,0,0,0,0,0,0,0,0,0,0,0,0,0,0,0,0,0,0,0,0,0,0,0,0,0,0,0,0,0,0,0,0,0,0,0,0,0,0,0,0,0,0,0,0,0,0,0,0,0,0,0,0,0,0,0,0,0,0,0,0,0,0,0,0,0,0,0,0,0,0,0,0,0,0,0,0,0,0,0,0,0,0,0,0,0,0,0,0,0,0,0,0,0,0,0,0,0,0,0,0,0,0,0,0,0,0,0,0,0,0,0,0,0,0,0,0,0,0,0,0,0,0,0,0,0,0,0,0,0,0,0,0,0,0,0,0,0,0,0,0,0,0,0,0,0,0,0,0,0,0,0,0,0,0,0,0,0,0,0,0,0,0,0,0,0,0,0,0,0,0,0,0,0,0,0,0,0,0,0,0,0,0,0,0,0,
2_TECH_XOR_INTERNAL,09_16_16_36_58.csv,20,20,20,0,100,100,
ES_a,0,0,0,0,0,0,0,0,0,0,0,0,0,0,0,0,0,0,0,0,0,0,0,0,0,0,0,0,0,0,0,0,0,0,0,0,0,0,0,0,0,0,0,0,0,0,0,0,0,0,0,0,0,0,0,0,0,0,0,0,0,0,0,0,0,0,0,0,0,0,0,0,0,0,0,0,0,0,0,0,0,0,0,0,0,0,0,0,0,0,0,0,0,0,0,0,0,0,0,0,0,0,0,0,0,0,0,0,0,0,0,0,0,0,0,0,0,0,0,0,0,0,0,0,0,0,0,0,0,0,0,0,0,0,0,0,0,0,0,0,0,0,0,0,0,0,0,0,0,0,0,0,0,0,0,0,0,0,0,0,0,0,0,0,0,0,0,0,0,0,0,0,0,0,0,0,0,0,0,0,0,0,0,0,0,0,0,0,0,0,0,0,0,0,0,0,0,0,0,0,0,0,0,0,0,0,0,0,0,0,0,0,0,0,0,0,0,0,0,0,0,0,0,0,0,0,0,0,0,0,0,0,0,0,0,0,0,0,0,0,0,0,0,0,0,0,0,0,0,0,0,0,0,0,0,0,
ES_b,0,0,0,0,0,0,0,0,0,0,0,0,0,0,0,0,0,0,0,0,0,0,0,0,0,0,0,0,0,0,0,0,0,0,0,0,0,0,0,0,0,0,0,0,0,0,0,0,0,0,0,0,0,0,0,0,0,0,0,0,0,0,0,0,0,0,0,0,0,0,0,0,0,0,0,0,0,0,0,0,0,0,0,0,0,0,0,0,0,0,0,0,0,0,0,0,0,0,0,0,0,0,0,0,0,0,0,0,0,0,0,0,0,0,0,0,0,0,0,0,0,0,0,0,0,0,0,0,0,0,0,0,0,0,0,0,0,0,0,0,0,0,0,0,0,0,0,0,0,0,0,0,0,0,0,0,0,0,0,0,0,0,0,0,0,0,0,0,0,0,0,0,0,0,0,0,0,0,0,0,0,0,0,0,0,0,0,0,0,0,0,0,0,0,0,0,0,0,0,0,0,0,0,0,0,0,0,0,0,0,0,0,0,0,0,0,0,0,0,0,0,0,0,0,0,0,0,0,0,0,0,0,0,0,0,0,0,0,0,0,0,0,0,0,0,0,0,0,0,0,0,0,0,0,0,0,
ES_c,87520572,33261366,91026845,58334423,101209312,1051743000,118872651,6502405,123540105,69945966,0,0,0,0,0,0,1067060601,25224769,8946937,126785645,1039027939,18979667,25543114,46591069,41958035,52727273,0,0,0,0,0,0,0,0,0,0,0,0,0,0,0,0,0,0,0,0,0,0,0,0,0,0,0,0,0,0,0,0,0,0,0,0,0,0,0,0,0,0,0,0,0,0,0,0,0,0,0,0,0,0,0,0,0,0,0,0,0,0,0,0,0,0,0,0,0,0,0,0,0,0,0,0,0,0,0,0,0,0,0,0,0,0,0,0,0,0,0,0,0,0,0,0,0,0,0,0,0,0,0,0,0,0,0,0,0,0,0,0,0,0,0,0,0,0,0,0,0,0,0,0,0,0,0,0,0,0,0,0,0,0,0,0,0,0,0,0,0,0,0,0,0,0,0,0,0,0,0,0,0,0,0,0,0,0,0,0,0,0,0,0,0,0,0,0,0,0,0,0,0,0,0,0,0,0,0,0,0,0,0,0,0,0,0,0,0,0,0,0,0,0,0,0,0,0,0,0,0,0,0,0,0,0,0,0,0,0,0,0,0,0,0,0,0,0,0,0,0,0,0,0,0,0,0,0,0,0,
3_TECH_ONES_EXTERNAL,09_16_16_37_12.csv,20,20,20,0,100,100,
ES_a,4286639361,4263371874,4286639361,4263371874,4286639361,4263371874,4286639361,4263371874,4286639361,4263371874,4286639361,4263371874,4286639361,4263371874,4286639361,4263371874,4233635472,45255071,4233635472,45255071,4233635472,45255071,4233635472,45255071,4233635472,45255071,4233635472,45255071,4233635472,45255071,4233635472,45255071,0,0,0,0,0,0,0,0,0,0,0,0,0,0,0,0,0,0,0,0,0,0,0,0,0,0,0,0,0,0,0,0,0,0,0,0,0,0,0,0,0,0,0,0,0,0,0,0,0,0,0,0,0,0,0,0,0,0,0,0,0,0,0,0,0,0,0,0,0,0,0,0,0,0,0,0,0,0,0,0,0,0,0,0,0,0,0,0,0,0,0,0,0,0,0,0,4286639361,4263371874,4286639361,4263371874,4286639361,4263371874,4286639361,4263371874,4286639361,4263371874,4286639361,4263371874,4286639361,4263371874,4286639361,4263371874,4233635472,45255071,4233635472,45255071,4233635472,45255071,4233635472,45255071,4233635472,45255071,4233635472,45255071,4233635472,45255071,4233635472,45255071,0,0,0,0,0,0,0,0,0,0,0,0,0,0,0,0,0,0,0,0,0,0,0,0,0,0,0,0,0,0,0,0,0,0,0,0,0,0,0,0,0,0,0,0,0,0,0,0,0,0,0,0,0,0,0,0,0,0,0,0,0,0,0,0,0,0,0,0,0,0,0,0,0,0,0,0,0,0,0,0,0,0,0,0,0,0,0,0,0,0,0,0,0,0,0,0,
ES_b,0,0,0,0,0,0,0,0,0,0,0,0,0,0,0,0,0,0,0,0,0,0,0,0,0,0,0,0,0,0,0,0,0,0,0,0,0,0,0,0,0,0,0,0,0,0,0,0,0,0,0,0,0,0,0,0,0,0,0,0,0,0,0,0,0,0,0,0,0,0,0,0,0,0,0,0,0,0,0,0,0,0,0,0,0,0,0,0,0,0,0,0,0,0,0,0,0,0,0,0,0,0,0,0,0,0,0,0,0,0,0,0,0,0,0,0,0,0,0,0,0,0,0,0,0,0,0,0,0,0,0,0,0,0,0,0,0,0,0,0,0,0,0,0,0,0,0,0,0,0,0,0,0,0,0,0,0,0,0,0,0,0,0,0,0,0,0,0,0,0,0,0,0,0,0,0,0,0,0,0,0,0,0,0,0,0,0,0,0,0,0,0,0,0,0,0,0,0,0,0,0,0,0,0,0,0,0,0,0,0,0,0,0,0,0,0,0,0,0,0,0,0,0,0,0,0,0,0,0,0,0,0,0,0,0,0,0,0,0,0,0,0,0,0,0,0,0,0,0,0,0,0,0,0,0,0,
ES_c,0,0,0,0,0,0,0,0,0,0,0,0,0,0,0,0,0,0,0,0,0,0,0,0,0,0,0,0,0,0,0,0,0,0,0,0,0,0,0,0,0,0,0,0,0,0,0,0,0,0,0,0,0,0,0,0,0,0,0,0,0,0,0,0,0,0,0,0,0,0,0,0,0,0,0,0,0,0,0,0,0,0,0,0,0,0,0,0,0,0,0,0,0,0,0,0,0,0,0,0,0,0,0,0,0,0,0,0,0,0,0,0,0,0,0,0,0,0,0,0,0,0,0,0,0,0,0,0,0,0,0,0,0,0,0,0,0,0,0,0,0,0,0,0,0,0,0,0,0,0,0,0,0,0,0,0,0,0,0,0,0,0,0,0,0,0,0,0,0,0,0,0,0,0,0,0,0,0,0,0,0,0,0,0,0,0,0,0,0,0,0,0,0,0,0,0,0,0,0,0,0,0,0,0,0,0,0,0,0,0,0,0,0,0,0,0,0,0,0,0,0,0,0,0,0,0,0,0,0,0,0,0,0,0,0,0,0,0,0,0,0,0,0,0,0,0,0,0,0,0,0,0,0,0,0,0,
4_TECH_ONES_INTERMEDIATE,09_16_16_37_27.csv,20,20,20,0,100,100,
ES_a,4177900535,2712092483,4177900535,2712092483,4177900535,2712092483,4177900535,2712092483,4177900535,2712092483,4177900535,2712092483,4177900535,2712092483,4177900535,2712092483,2372348267,2272584827,2372348267,2272584827,2372348267,2272584827,2372348267,2272584827,2372348267,2272584827,2372348267,2272584827,2372348267,2272584827,2372348267,2272584827,0,0,0,0,0,0,0,0,0,0,0,0,0,0,0,0,0,0,0,0,0,0,0,0,0,0,0,0,0,0,0,0,0,0,0,0,0,0,0,0,0,0,0,0,0,0,0,0,0,0,0,0,0,0,0,0,0,0,0,0,0,0,0,0,0,0,0,0,0,0,0,0,0,0,0,0,0,0,0,0,0,0,0,0,0,0,0,0,0,0,0,0,0,0,0,0,4177900535,2712092483,4177900535,2712092483,4177900535,2712092483,4177900535,2712092483,4177900535,2712092483,4177900535,2712092483,4177900535,2712092483,4177900535,2712092483,2372348267,2272584827,2372348267,2272584827,2372348267,2272584827,2372348267,2272584827,2372348267,2272584827,2372348267,2272584827,2372348267,2272584827,2372348267,2272584827,0,0,0,0,0,0,0,0,0,0,0,0,0,0,0,0,0,0,0,0,0,0,0,0,0,0,0,0,0,0,0,0,0,0,0,0,0,0,0,0,0,0,0,0,0,0,0,0,0,0,0,0,0,0,0,0,0,0,0,0,0,0,0,0,0,0,0,0,0,0,0,0,0,0,0,0,0,0,0,0,0,0,0,0,0,0,0,0,0,0,0,0,0,0,0,0,
ES_b,4202474884,4202474884,100375353,100375353,124668605,124668605,73533972,73533972,2806200,2806200,0,0,0,0,0,0,4202474884,4202474884,100375353,100375353,124668605,124668605,73533972,73533972,2806200,2806200,0,0,0,0,0,0,4202474884,4202474884,100375353,100375353,124668605,124668605,73533972,73533972,2806200,2806200,0,0,0,0,0,0,4202474884,4202474884,100375353,100375353,124668605,124668605,73533972,73533972,2806200,2806200,0,0,0,0,0,0,4202474884,4202474884,100375353,100375353,124668605,124668605,73533972,73533972,2806200,2806200,0,0,0,0,0,0,4202474884,4202474884,100375353,100375353,124668605,124668605,73533972,73533972,2806200,2806200,0,0,0,0,0,0,4202474884,4202474884,100375353,100375353,124668605,124668605,73533972,73533972,2806200,2806200,0,0,0,0,0,0,4202474884,4202474884,100375353,100375353,124668605,124668605,73533972,73533972,2806200,2806200,0,0,0,0,0,0,0,0,0,0,0,0,0,0,0,0,0,0,0,0,0,0,0,0,0,0,0,0,0,0,0,0,0,0,0,0,0,0,0,0,0,0,0,0,0,0,0,0,0,0,0,0,0,0,0,0,0,0,0,0,0,0,0,0,0,0,0,0,0,0,0,0,0,0,0,0,0,0,0,0,0,0,0,0,0,0,0,0,0,0,0,0,0,0,0,0,0,0,0,0,0,0,0,0,0,0,0,0,0,0,0,0,0,0,0,0,0,0,0,0,0,0,0,0,0,0,0,0,0,0,0,0,0,0,
ES_c,4042115085,842785675,4270269066,1050834774,4272480687,990278472,4252710588,923540169,4036277423,957862056,0,0,0,0,0,0,892790085,781591057,1027122886,923435241,1003770091,997882042,906501386,875560731,831350603,936786006,0,0,0,0,0,0,0,0,0,0,0,0,0,0,0,0,0,0,0,0,0,0,0,0,0,0,0,0,0,0,0,0,0,0,0,0,0,0,0,0,0,0,0,0,0,0,0,0,0,0,0,0,0,0,0,0,0,0,0,0,0,0,0,0,0,0,0,0,0,0,0,0,0,0,0,0,0,0,0,0,0,0,0,0,0,0,0,0,0,0,0,0,0,0,0,0,0,0,0,0,0,0,0,0,0,0,0,0,0,0,0,0,0,0,0,0,0,0,0,0,0,0,0,0,0,0,0,0,0,0,0,0,0,0,0,0,0,0,0,0,0,0,0,0,0,0,0,0,0,0,0,0,0,0,0,0,0,0,0,0,0,0,0,0,0,0,0,0,0,0,0,0,0,0,0,0,0,0,0,0,0,0,0,0,0,0,0,0,0,0,0,0,0,0,0,0,0,0,0,0,0,0,0,0,0,0,0,0,0,0,0,0,0,0,0,0,0,0,0,0,0,0,0,0,0,0,0,0,0,0,
5_TECH_ONES_INTERNAL,09_16_16_37_46.csv,20,20,20,0,100,100,
ES_a,0,0,0,0,0,0,0,0,0,0,0,0,0,0,0,0,0,0,0,0,0,0,0,0,0,0,0,0,0,0,0,0,0,0,0,0,0,0,0,0,0,0,0,0,0,0,0,0,0,0,0,0,0,0,0,0,0,0,0,0,0,0,0,0,0,0,0,0,0,0,0,0,0,0,0,0,0,0,0,0,0,0,0,0,0,0,0,0,0,0,0,0,0,0,0,0,0,0,0,0,0,0,0,0,0,0,0,0,0,0,0,0,0,0,0,0,0,0,0,0,0,0,0,0,0,0,0,0,0,0,0,0,0,0,0,0,0,0,0,0,0,0,0,0,0,0,0,0,0,0,0,0,0,0,0,0,0,0,0,0,0,0,0,0,0,0,0,0,0,0,0,0,0,0,0,0,0,0,0,0,0,0,0,0,0,0,0,0,0,0,0,0,0,0,0,0,0,0,0,0,0,0,0,0,0,0,0,0,0,0,0,0,0,0,0,0,0,0,0,0,0,0,0,0,0,0,0,0,0,0,0,0,0,0,0,0,0,0,0,0,0,0,0,0,0,0,0,0,0,0,0,0,0,0,0,0,
ES_b,0,0,0,0,0,0,0,0,0,0,0,0,0,0,0,0,0,0,0,0,0,0,0,0,0,0,0,0,0,0,0,0,0,0,0,0,0,0,0,0,0,0,0,0,0,0,0,0,0,0,0,0,0,0,0,0,0,0,0,0,0,0,0,0,0,0,0,0,0,0,0,0,0,0,0,0,0,0,0,0,0,0,0,0,0,0,0,0,0,0,0,0,0,0,0,0,0,0,0,0,0,0,0,0,0,0,0,0,0,0,0,0,0,0,0,0,0,0,0,0,0,0,0,0,0,0,0,0,0,0,0,0,0,0,0,0,0,0,0,0,0,0,0,0,0,0,0,0,0,0,0,0,0,0,0,0,0,0,0,0,0,0,0,0,0,0,0,0,0,0,0,0,0,0,0,0,0,0,0,0,0,0,0,0,0,0,0,0,0,0,0,0,0,0,0,0,0,0,0,0,0,0,0,0,0,0,0,0,0,0,0,0,0,0,0,0,0,0,0,0,0,0,0,0,0,0,0,0,0,0,0,0,0,0,0,0,0,0,0,0,0,0,0,0,0,0,0,0,0,0,0,0,0,0,0,0,
ES_c,4250332555,4164714561,4106217474,4191762378,271550330,46932142,4241935544,27306873,4178706602,84945930,0,0,0,0,0,0,19670859,4194308620,36564045,4098128448,104673435,211345375,4269630943,42847339,4190916672,4334539,0,0,0,0,0,0,0,0,0,0,0,0,0,0,0,0,0,0,0,0,0,0,0,0,0,0,0,0,0,0,0,0,0,0,0,0,0,0,0,0,0,0,0,0,0,0,0,0,0,0,0,0,0,0,0,0,0,0,0,0,0,0,0,0,0,0,0,0,0,0,0,0,0,0,0,0,0,0,0,0,0,0,0,0,0,0,0,0,0,0,0,0,0,0,0,0,0,0,0,0,0,0,0,0,0,0,0,0,0,0,0,0,0,0,0,0,0,0,0,0,0,0,0,0,0,0,0,0,0,0,0,0,0,0,0,0,0,0,0,0,0,0,0,0,0,0,0,0,0,0,0,0,0,0,0,0,0,0,0,0,0,0,0,0,0,0,0,0,0,0,0,0,0,0,0,0,0,0,0,0,0,0,0,0,0,0,0,0,0,0,0,0,0,0,0,0,0,0,0,0,0,0,0,0,0,0,0,0,0,0,0,0,0,0,0,0,0,0,0,0,0,0,0,0,0,0,0,0,0,0,
6_TECH_TWOS_EXTERNAL,09_16_16_38_00.csv,20,20,20,0,100,100,
ES_a,4286639362,4263371875,4286639362,4263371875,4286639362,4263371875,4286639362,4263371875,4286639362,4263371875,4286639362,4263371875,4286639362,4263371875,4286639362,4263371875,4233635473,45255071,4233635473,45255071,4233635473,45255071,4233635473,45255071,4233635473,45255071,4233635473,45255071,4233635473,45255071,4233635473,45255071,0,0,0,0,0,0,0,0,0,0,0,0,0,0,0,0,0,0,0,0,0,0,0,0,0,0,0,0,0,0,0,0,0,0,0,0,0,0,0,0,0,0,0,0,0,0,0,0,0,0,0,0,0,0,0,0,0,0,0,0,0,0,0,0,0,0,0,0,0,0,0,0,0,0,0,0,0,0,0,0,0,0,0,0,0,0,0,0,0,0,0,0,0,0,0,0,4286639362,4263371875,4286639362,4263371875,4286639362,4263371875,4286639362,4263371875,4286639362,4263371875,4286639362,4263371875,4286639362,4263371875,4286639362,4263371875,4233635473,45255071,4233635473,45255071,4233635473,45255071,4233635473,45255071,4233635473,45255071,4233635473,45255071,4233635473,45255071,4233635473,45255071,0,0,0,0,0,0,0,0,0,0,0,0,0,0,0,0,0,0,0,0,0,0,0,0,0,0,0,0,0,0,0,0,0,0,0,0,0,0,0,0,0,0,0,0,0,0,0,0,0,0,0,0,0,0,0,0,0,0,0,0,0,0,0,0,0,0,0,0,0,0,0,0,0,0,0,0,0,0,0,0,0,0,0,0,0,0,0,0,0,0,0,0,0,0,0,0,
ES_b,0,0,0,0,0,0,0,0,0,0,0,0,0,0,0,0,0,0,0,0,0,0,0,0,0,0,0,0,0,0,0,0,0,0,0,0,0,0,0,0,0,0,0,0,0,0,0,0,0,0,0,0,0,0,0,0,0,0,0,0,0,0,0,0,0,0,0,0,0,0,0,0,0,0,0,0,0,0,0,0,0,0,0,0,0,0,0,0,0,0,0,0,0,0,0,0,0,0,0,0,0,0,0,0,0,0,0,0,0,0,0,0,0,0,0,0,0,0,0,0,0,0,0,0,0,0,0,0,0,0,0,0,0,0,0,0,0,0,0,0,0,0,0,0,0,0,0,0,0,0,0,0,0,0,0,0,0,0,0,0,0,0,0,0,0,0,0,0,0,0,0,0,0,0,0,0,0,0,0,0,0,0,0,0,0,0,0,0,0,0,0,0,0,0,0,0,0,0,0,0,0,0,0,0,0,0,0,0,0,0,0,0,0,0,0,0,0,0,0,0,0,0,0,0,0,0,0,0,0,0,0,0,0,0,0,0,0,0,0,0,0,0,0,0,0,0,0,0,0,0,0,0,0,0,0,0,
ES_c,0,0,0,0,0,0,0,0,0,0,0,0,0,0,0,0,0,0,0,0,0,0,0,0,0,0,0,0,0,0,0,0,0,0,0,0,0,0,0,0,0,0,0,0,0,0,0,0,0,0,0,0,0,0,0,0,0,0,0,0,0,0,0,0,0,0,0,0,0,0,0,0,0,0,0,0,0,0,0,0,0,0,0,0,0,0,0,0,0,0,0,0,0,0,0,0,0,0,0,0,0,0,0,0,0,0,0,0,0,0,0,0,0,0,0,0,0,0,0,0,0,0,0,0,0,0,0,0,0,0,0,0,0,0,0,0,0,0,0,0,0,0,0,0,0,0,0,0,0,0,0,0,0,0,0,0,0,0,0,0,0,0,0,0,0,0,0,0,0,0,0,0,0,0,0,0,0,0,0,0,0,0,0,0,0,0,0,0,0,0,0,0,0,0,0,0,0,0,0,0,0,0,0,0,0,0,0,0,0,0,0,0,0,0,0,0,0,0,0,0,0,0,0,0,0,0,0,0,0,0,0,0,0,0,0,0,0,0,0,0,0,0,0,0,0,0,0,0,0,0,0,0,0,0,0,0,
7_TECH_TWOS_INTERMEDIATE,09_16_16_38_16.csv,20,20,20,0,100,100,
ES_a,4177900536,2712092508,4177900536,2712092508,4177900536,2712092508,4177900536,2712092508,4177900536,2712092508,4177900536,2712092508,4177900536,2712092508,4177900536,2712092508,2372348292,2272584852,2372348292,2272584852,2372348292,2272584852,2372348292,2272584852,2372348292,2272584852,2372348292,2272584852,2372348292,2272584852,2372348292,2272584852,0,0,0,0,0,0,0,0,0,0,0,0,0,0,0,0,0,0,0,0,0,0,0,0,0,0,0,0,0,0,0,0,0,0,0,0,0,0,0,0,0,0,0,0,0,0,0,0,0,0,0,0,0,0,0,0,0,0,0,0,0,0,0,0,0,0,0,0,0,0,0,0,0,0,0,0,0,0,0,0,0,0,0,0,0,0,0,0,0,0,0,0,0,0,0,0,4177900536,2712092508,4177900536,2712092508,4177900536,2712092508,4177900536,2712092508,4177900536,2712092508,4177900536,2712092508,4177900536,2712092508,4177900536,2712092508,2372348292,2272584852,2372348292,2272584852,2372348292,2272584852,2372348292,2272584852,2372348292,2272584852,2372348292,2272584852,2372348292,2272584852,2372348292,2272584852,0,0,0,0,0,0,0,0,0,0,0,0,0,0,0,0,0,0,0,0,0,0,0,0,0,0,0,0,0,0,0,0,0,0,0,0,0,0,0,0,0,0,0,0,0,0,0,0,0,0,0,0,0,0,0,0,0,0,0,0,0,0,0,0,0,0,0,0,0,0,0,0,0,0,0,0,0,0,0,0,0,0,0,0,0,0,0,0,0,0,0,0,0,0,0,0,
ES_b,4202474885,4202474885,100375353,100375353,124668605,124668605,73533972,73533972,2806200,2806200,0,0,0,0,0,0,4202474885,4202474885,100375353,100375353,124668605,124668605,73533972,73533972,2806200,2806200,0,0,0,0,0,0,4202474885,4202474885,100375353,100375353,124668605,124668605,73533972,73533972,2806200,2806200,0,0,0,0,0,0,4202474885,4202474885,100375353,100375353,124668605,124668605,73533972,73533972,2806200,2806200,0,0,0,0,0,0,4202474885,4202474885,100375353,100375353,124668605,124668605,73533972,73533972,2806200,2806200,0,0,0,0,0,0,4202474885,4202474885,100375353,100375353,124668605,124668605,73533972,73533972,2806200,2806200,0,0,0,0,0,0,4202474885,4202474885,100375353,100375353,124668605,124668605,73533972,73533972,2806200,2806200,0,0,0,0,0,0,4202474885,4202474885,100375353,100375353,124668605,124668605,73533972,73533972,2806200,2806200,0,0,0,0,0,0,0,0,0,0,0,0,0,0,0,0,0,0,0,0,0,0,0,0,0,0,0,0,0,0,0,0,0,0,0,0,0,0,0,0,0,0,0,0,0,0,0,0,0,0,0,0,0,0,0,0,0,0,0,0,0,0,0,0,0,0,0,0,0,0,0,0,0,0,0,0,0,0,0,0,0,0,0,0,0,0,0,0,0,0,0,0,0,0,0,0,0,0,0,0,0,0,0,0,0,0,0,0,0,0,0,0,0,0,0,0,0,0,0,0,0,0,0,0,0,0,0,0,0,0,0,0,0,0,
ES_c,4042115086,842785693,4270269067,1050834792,4272480688,990278490,4252710589,923540187,4036277424,957862074,0,0,0,0,0,0,892790103,781591075,1027122904,923435259,1003770109,997882060,906501404,875560749,831350621,936786024,0,0,0,0,0,0,0,0,0,0,0,0,0,0,0,0,0,0,0,0,0,0,0,0,0,0,0,0,0,0,0,0,0,0,0,0,0,0,0,0,0,0,0,0,0,0,0,0,0,0,0,0,0,0,0,0,0,0,0,0,0,0,0,0,0,0,0,0,0,0,0,0,0,0,0,0,0,0,0,0,0,0,0,0,0,0,0,0,0,0,0,0,0,0,0,0,0,0,0,0,0,0,0,0,0,0,0,0,0,0,0,0,0,0,0,0,0,0,0,0,0,0,0,0,0,0,0,0,0,0,0,0,0,0,0,0,0,0,0,0,0,0,0,0,0,0,0,0,0,0,0,0,0,0,0,0,0,0,0,0,0,0,0,0,0,0,0,0,0,0,0,0,0,0,0,0,0,0,0,0,0,0,0,0,0,0,0,0,0,0,0,0,0,0,0,0,0,0,0,0,0,0,0,0,0,0,0,0,0,0,0,0,0,0,0,0,0,0,0,0,0,0,0,0,0,0,0,0,0,0,
8_TECH_TWOS_INTERNAL,09_16_16_38_34.csv,20,20,20,0,100,100,
ES_a,0,0,0,0,0,0,0,0,0,0,0,0,0,0,0,0,0,0,0,0,0,0,0,0,0,0,0,0,0,0,0,0,0,0,0,0,0,0,0,0,0,0,0,0,0,0,0,0,0,0,0,0,0,0,0,0,0,0,0,0,0,0,0,0,0,0,0,0,0,0,0,0,0,0,0,0,0,0,0,0,0,0,0,0,0,0,0,0,0,0,0,0,0,0,0,0,0,0,0,0,0,0,0,0,0,0,0,0,0,0,0,0,0,0,0,0,0,0,0,0,0,0,0,0,0,0,0,0,0,0,0,0,0,0,0,0,0,0,0,0,0,0,0,0,0,0,0,0,0,0,0,0,0,0,0,0,0,0,0,0,0,0,0,0,0,0,0,0,0,0,0,0,0,0,0,0,0,0,0,0,0,0,0,0,0,0,0,0,0,0,0,0,0,0,0,0,0,0,0,0,0,0,0,0,0,0,0,0,0,0,0,0,0,0,0,0,0,0,0,0,0,0,0,0,0,0,0,0,0,0,0,0,0,0,0,0,0,0,0,0,0,0,0,0,0,0,0,0,0,0,0,0,0,0,0,0,
ES_b,0,0,0,0,0,0,0,0,0,0,0,0,0,0,0,0,0,0,0,0,0,0,0,0,0,0,0,0,0,0,0,0,0,0,0,0,0,0,0,0,0,0,0,0,0,0,0,0,0,0,0,0,0,0,0,0,0,0,0,0,0,0,0,0,0,0,0,0,0,0,0,0,0,0,0,0,0,0,0,0,0,0,0,0,0,0,0,0,0,0,0,0,0,0,0,0,0,0,0,0,0,0,0,0,0,0,0,0,0,0,0,0,0,0,0,0,0,0,0,0,0,0,0,0,0,0,0,0,0,0,0,0,0,0,0,0,0,0,0,0,0,0,0,0,0,0,0,0,0,0,0,0,0,0,0,0,0,0,0,0,0,0,0,0,0,0,0,0,0,0,0,0,0,0,0,0,0,0,0,0,0,0,0,0,0,0,0,0,0,0,0,0,0,0,0,0,0,0,0,0,0,0,0,0,0,0,0,0,0,0,0,0,0,0,0,0,0,0,0,0,0,0,0,0,0,0,0,0,0,0,0,0,0,0,0,0,0,0,0,0,0,0,0,0,0,0,0,0,0,0,0,0,0,0,0,0,
ES_c,4250332556,4164714562,4106217475,4191762379,271550330,46932142,4241935545,27306873,4178706603,84945930,0,0,0,0,0,0,19670859,4194308621,36564045,4098128449,104673435,211345375,4269630944,42847339,4190916673,4334539,0,0,0,0,0,0,0,0,0,0,0,0,0,0,0,0,0,0,0,0,0,0,0,0,0,0,0,0,0,0,0,0,0,0,0,0,0,0,0,0,0,0,0,0,0,0,0,0,0,0,0,0,0,0,0,0,0,0,0,0,0,0,0,0,0,0,0,0,0,0,0,0,0,0,0,0,0,0,0,0,0,0,0,0,0,0,0,0,0,0,0,0,0,0,0,0,0,0,0,0,0,0,0,0,0,0,0,0,0,0,0,0,0,0,0,0,0,0,0,0,0,0,0,0,0,0,0,0,0,0,0,0,0,0,0,0,0,0,0,0,0,0,0,0,0,0,0,0,0,0,0,0,0,0,0,0,0,0,0,0,0,0,0,0,0,0,0,0,0,0,0,0,0,0,0,0,0,0,0,0,0,0,0,0,0,0,0,0,0,0,0,0,0,0,0,0,0,0,0,0,0,0,0,0,0,0,0,0,0,0,0,0,0,0,0,0,0,0,0,0,0,0,0,0,0,0,0,0,0,0,
9_TECH_FLETCHER_EXTERNAL,09_16_16_38_48.csv,20,20,20,0,100,100,
ES_a,8192195,3866630,8192195,3866630,8192195,3866630,8192195,3866630,8192195,3866630,8192195,3866630,8192195,3866630,8192195,3866630,3342484,4260067,3342484,4260067,3342484,4260067,3342484,4260067,3342484,4260067,3342484,4260067,3342484,4260067,3342484,4260067,0,0,0,0,0,0,0,0,0,0,0,0,0,0,0,0,0,0,0,0,0,0,0,0,0,0,0,0,0,0,0,0,0,0,0,0,0,0,0,0,0,0,0,0,0,0,0,0,0,0,0,0,0,0,0,0,0,0,0,0,0,0,0,0,0,0,0,0,0,0,0,0,0,0,0,0,0,0,0,0,0,0,0,0,0,0,0,0,0,0,0,0,0,0,0,0,8192195,3866630,8192195,3866630,8192195,3866630,8192195,3866630,8192195,3866630,8192195,3866630,8192195,3866630,8192195,3866630,3342484,4260067,3342484,4260067,3342484,4260067,3342484,4260067,3342484,4260067,3342484,4260067,3342484,4260067,3342484,4260067,0,0,0,0,0,0,0,0,0,0,0,0,0,0,0,0,0,0,0,0,0,0,0,0,0,0,0,0,0,0,0,0,0,0,0,0,0,0,0,0,0,0,0,0,0,0,0,0,0,0,0,0,0,0,0,0,0,0,0,0,0,0,0,0,0,0,0,0,0,0,0,0,0,0,0,0,0,0,0,0,0,0,0,0,0,0,0,0,0,0,0,0,0,0,0,0,
ES_b,0,0,0,0,0,0,0,0,0,0,0,0,0,0,0,0,0,0,0,0,0,0,0,0,0,0,0,0,0,0,0,0,0,0,0,0,0,0,0,0,0,0,0,0,0,0,0,0,0,0,0,0,0,0,0,0,0,0,0,0,0,0,0,0,0,0,0,0,0,0,0,0,0,0,0,0,0,0,0,0,0,0,0,0,0,0,0,0,0,0,0,0,0,0,0,0,0,0,0,0,0,0,0,0,0,0,0,0,0,0,0,0,0,0,0,0,0,0,0,0,0,0,0,0,0,0,0,0,0,0,0,0,0,0,0,0,0,0,0,0,0,0,0,0,0,0,0,0,0,0,0,0,0,0,0,0,0,0,0,0,0,0,0,0,0,0,0,0,0,0,0,0,0,0,0,0,0,0,0,0,0,0,0,0,0,0,0,0,0,0,0,0,0,0,0,0,0,0,0,0,0,0,0,0,0,0,0,0,0,0,0,0,0,0,0,0,0,0,0,0,0,0,0,0,0,0,0,0,0,0,0,0,0,0,0,0,0,0,0,0,0,0,0,0,0,0,0,0,0,0,0,0,0,0,0,0,
ES_c,0,0,0,0,0,0,0,0,0,0,0,0,0,0,0,0,0,0,0,0,0,0,0,0,0,0,0,0,0,0,0,0,0,0,0,0,0,0,0,0,0,0,0,0,0,0,0,0,0,0,0,0,0,0,0,0,0,0,0,0,0,0,0,0,0,0,0,0,0,0,0,0,0,0,0,0,0,0,0,0,0,0,0,0,0,0,0,0,0,0,0,0,0,0,0,0,0,0,0,0,0,0,0,0,0,0,0,0,0,0,0,0,0,0,0,0,0,0,0,0,0,0,0,0,0,0,0,0,0,0,0,0,0,0,0,0,0,0,0,0,0,0,0,0,0,0,0,0,0,0,0,0,0,0,0,0,0,0,0,0,0,0,0,0,0,0,0,0,0,0,0,0,0,0,0,0,0,0,0,0,0,0,0,0,0,0,0,0,0,0,0,0,0,0,0,0,0,0,0,0,0,0,0,0,0,0,0,0,0,0,0,0,0,0,0,0,0,0,0,0,0,0,0,0,0,0,0,0,0,0,0,0,0,0,0,0,0,0,0,0,0,0,0,0,0,0,0,0,0,0,0,0,0,0,0,0,
